id,product_id,name,x,y,mirrored_hole_id,mirror_group
1133,1,"35,KB1",140,4,0,0
1134,1,"34,KB2",136,8,0,0
1135,1,"33,KB1",132,4,0,0
1136,1,"32,KB2",128,8,0,0
1137,1,"31,KB1",124,4,0,0
1138,1,"30,KB2",120,8,0,0
1139,1,"29,KB1",116,4,0,0
1140,1,"28,KB2",112,8,0,0
1141,1,"27,KB1",108,4,0,0
1142,1,"26,KB2",104,8,0,0
1143,1,"25,KB1",100,4,0,0
1144,1,"24,KB2",96,8,0,0
1145,1,"23,KB1",92,4,0,0
1146,1,"22,KB2",88,8,0,0
1147,1,"21,KB1",84,4,0,0
1148,1,"20,KB2",80,8,0,0
1149,1,"19,KB1",76,4,0,0
1150,1,"18,KB2",72,8,0,0
1151,1,"17,KB1",68,4,0,0
1152,1,"16,KB2",64,8,0,0
1153,1,"15,KB1",60,4,0,0
1154,1,"14,KB2",56,8,0,0
1155,1,"13,KB1",52,4,0,0
1156,1,"12,KB2",48,8,0,0
1157,1,"11,KB1",44,4,0,0
1158,1,"10,KB2",40,8,0,0
1159,1,"9,KB1",36,4,0,0
1160,1,"8,KB2",32,8,0,0
1161,1,"7,KB1",28,4,0,0
1162,1,"6,KB2",24,8,0,0
1163,1,"5,KB1",20,4,0,0
1164,1,"4,KB2",16,8,0,0
1165,1,"3,KB1",12,4,0,0
1166,1,"1,KB1",4,4,0,0
1167,1,"2,KB2",8,8,0,0
1168,1,"2,1",8,16,0,0
1169,1,"1,2",4,20,0,0
1170,1,"2,3",8,24,0,0
1171,1,"3,4",12,28,0,0
1172,1,"2,5",8,32,0,0
1173,1,"1,6",4,36,0,0
1174,1,"2,7",8,40,0,0
1175,1,"3,8",12,44,0,0
1176,1,"2,9",8,48,0,0
1177,1,"1,10",4,52,0,0
1178,1,"2,11",8,56,0,0
1179,1,"3,12",12,60,0,0
1180,1,"2,13",8,64,0,0
1181,1,"1,14",4,68,0,0
1182,1,"2,15",8,72,0,0
1183,1,"3,16",12,76,0,0
1184,1,"2,17",8,80,0,0
1185,1,"1,18",4,84,0,0
1186,1,"2,19",8,88,0,0
1187,1,"3,20",12,92,0,0
1188,1,"2,21",8,96,0,0
1189,1,"1,22",4,100,0,0
1190,1,"2,23",8,104,0,0
1191,1,"3,24",12,108,0,0
1192,1,"2,25",8,112,0,0
1193,1,"1,26",4,116,0,0
1194,1,"2,27",8,120,0,0
1195,1,"3,28",12,124,0,0
1196,1,"2,29",8,128,0,0
1197,1,"1,30",4,132,0,0
1198,1,"2,31",8,136,0,0
1199,1,"2,33",8,144,0,0
1200,1,"2,35",8,152,0,0
1201,1,"2,37",8,160,0,0
1202,1,"2,39",8,168,0,0
1203,1,"2,41",8,176,0,0
1204,1,"4,41",16,176,0,0
1205,1,"4,39",16,168,0,0
1206,1,"4,37",16,160,0,0
1207,1,"4,35",16,152,0,0
1208,1,"4,33",16,144,0,0
1209,1,"4,31",16,136,0,0
1210,1,"5,30",20,132,0,0
1211,1,"4,29",16,128,0,0
1212,1,"4,27",16,120,0,0
1213,1,"5,26",20,116,0,0
1214,1,"4,25",16,112,0,0
1215,1,"4,23",16,104,0,0
1216,1,"5,22",20,100,0,0
1217,1,"4,21",16,96,0,0
1218,1,"4,19",16,88,0,0
1219,1,"5,18",20,84,0,0
1220,1,"4,17",16,80,0,0
1221,1,"4,15",16,72,0,0
1222,1,"5,14",20,68,0,0
1223,1,"4,13",16,64,0,0
1224,1,"4,11",16,56,0,0
1225,1,"5,10",20,52,0,0
1226,1,"4,9",16,48,0,0
1227,1,"4,7",16,40,0,0
1228,1,"5,6",20,36,0,0
1229,1,"4,5",16,32,0,0
1230,1,"4,3",16,24,0,0
1231,1,"5,2",20,20,0,0
1232,1,"4,1",16,16,0,0
1233,1,"6,1",24,16,0,0
1234,1,"6,3",24,24,0,0
1235,1,"7,4",28,28,0,0
1236,1,"6,5",24,32,0,0
1237,1,"6,7",24,40,0,0
1238,1,"7,8",28,44,0,0
1239,1,"6,9",24,48,0,0
1240,1,"6,11",24,56,0,0
1241,1,"7,12",28,60,0,0
1242,1,"6,13",24,64,0,0
1243,1,"6,15",24,72,0,0
1244,1,"7,16",28,76,0,0
1245,1,"6,17",24,80,0,0
1246,1,"6,19",24,88,0,0
1247,1,"7,20",28,92,0,0
1248,1,"6,21",24,96,0,0
1249,1,"6,23",24,104,0,0
1250,1,"7,24",28,108,0,0
1251,1,"6,25",24,112,0,0
1252,1,"6,27",24,120,0,0
1253,1,"7,28",28,124,0,0
1254,1,"6,29",24,128,0,0
1255,1,"6,31",24,136,0,0
1256,1,"6,33",24,144,0,0
1257,1,"6,35",24,152,0,0
1258,1,"6,37",24,160,0,0
1259,1,"6,39",24,168,0,0
1260,1,"6,41",24,176,0,0
1261,1,"8,41",32,176,0,0
1262,1,"8,39",32,168,0,0
1263,1,"8,37",32,160,0,0
1264,1,"8,35",32,152,0,0
1265,1,"8,33",32,144,0,0
1266,1,"8,31",32,136,0,0
1267,1,"9,30",36,132,0,0
1268,1,"8,29",32,128,0,0
1269,1,"8,27",32,120,0,0
1270,1,"9,26",36,116,0,0
1271,1,"8,25",32,112,0,0
1272,1,"8,23",32,104,0,0
1273,1,"9,22",36,100,0,0
1274,1,"8,21",32,96,0,0
1275,1,"8,19",32,88,0,0
1276,1,"9,18",36,84,0,0
1277,1,"8,17",32,80,0,0
1278,1,"8,15",32,72,0,0
1279,1,"9,14",36,68,0,0
1280,1,"8,13",32,64,0,0
1281,1,"8,11",32,56,0,0
1282,1,"9,10",36,52,0,0
1283,1,"8,9",32,48,0,0
1284,1,"8,7",32,40,0,0
1285,1,"9,6",36,36,0,0
1286,1,"8,5",32,32,0,0
1287,1,"8,3",32,24,0,0
1288,1,"9,2",36,20,0,0
1289,1,"8,1",32,16,0,0
1290,1,"10,1",40,16,0,0
1291,1,"10,3",40,24,0,0
1292,1,"11,4",44,28,0,0
1293,1,"10,5",40,32,0,0
1294,1,"10,7",40,40,0,0
1295,1,"11,8",44,44,0,0
1296,1,"10,9",40,48,0,0
1297,1,"10,11",40,56,0,0
1298,1,"11,12",44,60,0,0
1299,1,"10,13",40,64,0,0
1300,1,"10,15",40,72,0,0
1301,1,"11,16",44,76,0,0
1302,1,"10,17",40,80,0,0
1303,1,"10,19",40,88,0,0
1304,1,"11,20",44,92,0,0
1305,1,"10,21",40,96,0,0
1306,1,"10,23",40,104,0,0
1307,1,"11,24",44,108,0,0
1308,1,"10,25",40,112,0,0
1309,1,"10,27",40,120,0,0
1310,1,"11,28",44,124,0,0
1311,1,"10,29",40,128,0,0
1312,1,"10,31",40,136,0,0
1313,1,"10,33",40,144,0,0
1314,1,"10,35",40,152,0,0
1315,1,"10,37",40,160,0,0
1316,1,"10,39",40,168,0,0
1317,1,"10,41",40,176,0,0
1318,1,"12,41",48,176,0,0
1319,1,"12,39",48,168,0,0
1320,1,"12,37",48,160,0,0
1321,1,"12,35",48,152,0,0
1322,1,"12,33",48,144,0,0
1323,1,"12,31",48,136,0,0
1324,1,"13,30",52,132,0,0
1325,1,"12,29",48,128,0,0
1326,1,"12,27",48,120,0,0
1327,1,"13,26",52,116,0,0
1328,1,"12,25",48,112,0,0
1329,1,"12,23",48,104,0,0
1330,1,"13,22",52,100,0,0
1331,1,"12,21",48,96,0,0
1332,1,"12,19",48,88,0,0
1333,1,"13,18",52,84,0,0
1334,1,"12,17",48,80,0,0
1335,1,"12,15",48,72,0,0
1336,1,"13,14",52,68,0,0
1337,1,"12,13",48,64,0,0
1338,1,"12,11",48,56,0,0
1339,1,"13,10",52,52,0,0
1340,1,"12,9",48,48,0,0
1341,1,"12,7",48,40,0,0
1342,1,"13,6",52,36,0,0
1343,1,"12,5",48,32,0,0
1344,1,"12,3",48,24,0,0
1345,1,"13,2",52,20,0,0
1346,1,"12,1",48,16,0,0
1347,1,"14,1",56,16,0,0
1348,1,"14,3",56,24,0,0
1349,1,"15,4",60,28,0,0
1350,1,"14,5",56,32,0,0
1351,1,"14,7",56,40,0,0
1352,1,"15,8",60,44,0,0
1353,1,"14,9",56,48,0,0
1354,1,"14,11",56,56,0,0
1355,1,"15,12",60,60,0,0
1356,1,"14,13",56,64,0,0
1357,1,"14,15",56,72,0,0
1358,1,"15,16",60,76,0,0
1359,1,"14,17",56,80,0,0
1360,1,"14,19",56,88,0,0
1361,1,"15,20",60,92,0,0
1362,1,"14,21",56,96,0,0
1363,1,"14,23",56,104,0,0
1364,1,"15,24",60,108,0,0
1365,1,"14,25",56,112,0,0
1366,1,"14,27",56,120,0,0
1367,1,"15,28",60,124,0,0
1368,1,"14,29",56,128,0,0
1369,1,"14,31",56,136,0,0
1370,1,"14,33",56,144,0,0
1371,1,"14,35",56,152,0,0
1372,1,"14,37",56,160,0,0
1373,1,"14,39",56,168,0,0
1374,1,"14,41",56,176,0,0
1375,1,"16,41",64,176,0,0
1376,1,"16,39",64,168,0,0
1377,1,"16,37",64,160,0,0
1378,1,"16,35",64,152,0,0
1379,1,"16,33",64,144,0,0
1380,1,"16,31",64,136,0,0
1381,1,"17,30",68,132,0,0
1382,1,"16,29",64,128,0,0
1383,1,"16,27",64,120,0,0
1384,1,"17,26",68,116,0,0
1385,1,"16,25",64,112,0,0
1386,1,"16,23",64,104,0,0
1387,1,"17,22",68,100,0,0
1388,1,"16,21",64,96,0,0
1389,1,"16,19",64,88,0,0
1390,1,"17,18",68,84,0,0
1391,1,"16,17",64,80,0,0
1392,1,"16,15",64,72,0,0
1393,1,"17,14",68,68,0,0
1394,1,"16,13",64,64,0,0
1395,1,"16,11",64,56,0,0
1396,1,"17,10",68,52,0,0
1397,1,"16,9",64,48,0,0
1398,1,"16,7",64,40,0,0
1399,1,"17,6",68,36,0,0
1400,1,"16,5",64,32,0,0
1401,1,"16,3",64,24,0,0
1402,1,"17,2",68,20,0,0
1403,1,"16,1",64,16,0,0
1404,1,"18,1",72,16,0,0
1405,1,"18,3",72,24,0,0
1406,1,"19,4",76,28,0,0
1407,1,"18,5",72,32,0,0
1408,1,"18,7",72,40,0,0
1409,1,"19,8",76,44,0,0
1410,1,"18,9",72,48,0,0
1411,1,"18,11",72,56,0,0
1412,1,"19,12",76,60,0,0
1413,1,"18,13",72,64,0,0
1414,1,"18,15",72,72,0,0
1415,1,"19,16",76,76,0,0
1416,1,"18,17",72,80,0,0
1417,1,"18,19",72,88,0,0
1418,1,"19,20",76,92,0,0
1419,1,"18,21",72,96,0,0
1420,1,"18,23",72,104,0,0
1421,1,"19,24",76,108,0,0
1422,1,"18,25",72,112,0,0
1423,1,"18,27",72,120,0,0
1424,1,"19,28",76,124,0,0
1425,1,"18,29",72,128,0,0
1426,1,"18,31",72,136,0,0
1427,1,"18,33",72,144,0,0
1428,1,"18,35",72,152,0,0
1429,1,"18,37",72,160,0,0
1430,1,"18,39",72,168,0,0
1431,1,"18,41",72,176,0,0
1432,1,"20,41",80,176,0,0
1433,1,"20,39",80,168,0,0
1434,1,"20,37",80,160,0,0
1435,1,"20,35",80,152,0,0
1436,1,"20,33",80,144,0,0
1437,1,"20,31",80,136,0,0
1438,1,"21,30",84,132,0,0
1439,1,"20,29",80,128,0,0
1440,1,"20,27",80,120,0,0
1441,1,"21,26",84,116,0,0
1442,1,"20,25",80,112,0,0
1443,1,"20,23",80,104,0,0
1444,1,"21,22",84,100,0,0
1445,1,"20,21",80,96,0,0
1446,1,"20,19",80,88,0,0
1447,1,"21,18",84,84,0,0
1448,1,"20,17",80,80,0,0
1449,1,"20,15",80,72,0,0
1450,1,"21,14",84,68,0,0
1451,1,"20,13",80,64,0,0
1452,1,"20,11",80,56,0,0
1453,1,"21,10",84,52,0,0
1454,1,"20,9",80,48,0,0
1455,1,"20,7",80,40,0,0
1456,1,"21,6",84,36,0,0
1457,1,"20,5",80,32,0,0
1458,1,"20,3",80,24,0,0
1459,1,"21,2",84,20,0,0
1460,1,"20,1",80,16,0,0
1461,1,"22,1",88,16,0,0
1462,1,"22,3",88,24,0,0
1463,1,"23,4",92,28,0,0
1464,1,"22,5",88,32,0,0
1465,1,"22,7",88,40,0,0
1466,1,"23,8",92,44,0,0
1467,1,"22,9",88,48,0,0
1468,1,"22,11",88,56,0,0
1469,1,"23,12",92,60,0,0
1470,1,"22,13",88,64,0,0
1471,1,"22,15",88,72,0,0
1472,1,"23,16",92,76,0,0
1473,1,"22,17",88,80,0,0
1474,1,"22,19",88,88,0,0
1475,1,"23,20",92,92,0,0
1476,1,"22,21",88,96,0,0
1477,1,"22,23",88,104,0,0
1478,1,"23,24",92,108,0,0
1479,1,"22,25",88,112,0,0
1480,1,"22,27",88,120,0,0
1481,1,"23,28",92,124,0,0
1482,1,"22,29",88,128,0,0
1483,1,"22,31",88,136,0,0
1484,1,"22,33",88,144,0,0
1485,1,"22,35",88,152,0,0
1486,1,"22,37",88,160,0,0
1487,1,"22,39",88,168,0,0
1488,1,"22,41",88,176,0,0
1489,1,"24,41",96,176,0,0
1490,1,"24,39",96,168,0,0
1491,1,"24,37",96,160,0,0
1492,1,"24,35",96,152,0,0
1493,1,"24,33",96,144,0,0
1494,1,"24,31",96,136,0,0
1495,1,"25,30",100,132,0,0
1496,1,"24,29",96,128,0,0
1497,1,"24,27",96,120,0,0
1498,1,"25,26",100,116,0,0
1499,1,"24,25",96,112,0,0
1500,1,"24,23",96,104,0,0
1501,1,"25,22",100,100,0,0
1502,1,"24,21",96,96,0,0
1503,1,"24,19",96,88,0,0
1504,1,"25,18",100,84,0,0
1505,1,"24,17",96,80,0,0
1506,1,"24,15",96,72,0,0
1507,1,"25,14",100,68,0,0
1508,1,"24,13",96,64,0,0
1509,1,"24,11",96,56,0,0
1510,1,"25,10",100,52,0,0
1511,1,"24,9",96,48,0,0
1512,1,"24,7",96,40,0,0
1513,1,"25,6",100,36,0,0
1514,1,"24,5",96,32,0,0
1515,1,"24,3",96,24,0,0
1516,1,"25,2",100,20,0,0
1517,1,"24,1",96,16,0,0
1518,1,"26,1",104,16,0,0
1519,1,"26,3",104,24,0,0
1520,1,"27,4",108,28,0,0
1521,1,"26,5",104,32,0,0
1522,1,"26,7",104,40,0,0
1523,1,"27,8",108,44,0,0
1524,1,"26,9",104,48,0,0
1525,1,"26,11",104,56,0,0
1526,1,"27,12",108,60,0,0
1527,1,"26,13",104,64,0,0
1528,1,"26,15",104,72,0,0
1529,1,"27,16",108,76,0,0
1530,1,"26,17",104,80,0,0
1531,1,"26,19",104,88,0,0
1532,1,"27,20",108,92,0,0
1533,1,"26,21",104,96,0,0
1534,1,"26,23",104,104,0,0
1535,1,"27,24",108,108,0,0
1536,1,"26,25",104,112,0,0
1537,1,"26,27",104,120,0,0
1538,1,"27,28",108,124,0,0
1539,1,"26,29",104,128,0,0
1540,1,"26,31",104,136,0,0
1541,1,"26,33",104,144,0,0
1542,1,"26,35",104,152,0,0
1543,1,"26,37",104,160,0,0
1544,1,"26,39",104,168,0,0
1545,1,"26,41",104,176,0,0
1546,1,"28,41",112,176,0,0
1547,1,"28,39",112,168,0,0
1548,1,"28,37",112,160,0,0
1549,1,"28,35",112,152,0,0
1550,1,"28,33",112,144,0,0
1551,1,"28,31",112,136,0,0
1552,1,"29,30",116,132,0,0
1553,1,"28,29",112,128,0,0
1554,1,"28,27",112,120,0,0
1555,1,"29,26",116,116,0,0
1556,1,"28,25",112,112,0,0
1557,1,"28,23",112,104,0,0
1558,1,"29,22",116,100,0,0
1559,1,"28,21",112,96,0,0
1560,1,"28,19",112,88,0,0
1561,1,"29,18",116,84,0,0
1562,1,"28,17",112,80,0,0
1563,1,"28,15",112,72,0,0
1564,1,"29,14",116,68,0,0
1565,1,"28,13",112,64,0,0
1566,1,"28,11",112,56,0,0
1567,1,"29,10",116,52,0,0
1568,1,"28,9",112,48,0,0
1569,1,"28,7",112,40,0,0
1570,1,"29,6",116,36,0,0
1571,1,"28,5",112,32,0,0
1572,1,"28,3",112,24,0,0
1573,1,"29,2",116,20,0,0
1574,1,"28,1",112,16,0,0
1575,1,"30,1",120,16,0,0
1576,1,"30,3",120,24,0,0
1577,1,"31,4",124,28,0,0
1578,1,"30,5",120,32,0,0
1579,1,"30,7",120,40,0,0
1580,1,"31,8",124,44,0,0
1581,1,"30,9",120,48,0,0
1582,1,"30,11",120,56,0,0
1583,1,"31,12",124,60,0,0
1584,1,"30,13",120,64,0,0
1585,1,"30,15",120,72,0,0
1586,1,"31,16",124,76,0,0
1587,1,"30,17",120,80,0,0
1588,1,"30,19",120,88,0,0
1589,1,"31,20",124,92,0,0
1590,1,"30,21",120,96,0,0
1591,1,"30,23",120,104,0,0
1592,1,"31,24",124,108,0,0
1593,1,"30,25",120,112,0,0
1594,1,"30,27",120,120,0,0
1595,1,"31,28",124,124,0,0
1596,1,"30,29",120,128,0,0
1597,1,"30,31",120,136,0,0
1598,1,"30,33",120,144,0,0
1599,1,"30,35",120,152,0,0
1600,1,"30,37",120,160,0,0
1601,1,"30,39",120,168,0,0
1602,1,"30,41",120,176,0,0
1603,1,"32,41",128,176,0,0
1604,1,"32,39",128,168,0,0
1605,1,"32,37",128,160,0,0
1606,1,"32,35",128,152,0,0
1607,1,"32,33",128,144,0,0
1608,1,"32,31",128,136,0,0
1609,1,"33,30",132,132,0,0
1610,1,"32,29",128,128,0,0
1611,1,"32,27",128,120,0,0
1612,1,"33,26",132,116,0,0
1613,1,"32,25",128,112,0,0
1614,1,"32,23",128,104,0,0
1615,1,"33,22",132,100,0,0
1616,1,"32,21",128,96,0,0
1617,1,"32,19",128,88,0,0
1618,1,"33,18",132,84,0,0
1619,1,"32,17",128,80,0,0
1620,1,"32,15",128,72,0,0
1621,1,"33,14",132,68,0,0
1622,1,"32,13",128,64,0,0
1623,1,"32,11",128,56,0,0
1624,1,"33,10",132,52,0,0
1625,1,"32,9",128,48,0,0
1626,1,"32,7",128,40,0,0
1627,1,"33,6",132,36,0,0
1628,1,"32,5",128,32,0,0
1629,1,"32,3",128,24,0,0
1630,1,"33,2",132,20,0,0
1631,1,"32,1",128,16,0,0
1632,1,"34,1",136,16,0,0
1633,1,"34,3",136,24,0,0
1634,1,"35,4",140,28,0,0
1635,1,"34,5",136,32,0,0
1636,1,"34,7",136,40,0,0
1637,1,"35,8",140,44,0,0
1638,1,"34,9",136,48,0,0
1639,1,"34,11",136,56,0,0
1640,1,"35,12",140,60,0,0
1641,1,"34,13",136,64,0,0
1642,1,"34,15",136,72,0,0
1643,1,"35,16",140,76,0,0
1644,1,"34,17",136,80,0,0
1645,1,"34,19",136,88,0,0
1646,1,"35,20",140,92,0,0
1647,1,"34,21",136,96,0,0
1648,1,"34,23",136,104,0,0
1649,1,"35,24",140,108,0,0
1650,1,"34,25",136,112,0,0
1651,1,"34,27",136,120,0,0
1652,1,"35,28",140,124,0,0
1653,1,"34,29",136,128,0,0
1654,1,"34,31",136,136,0,0
1655,1,"34,33",136,144,0,0
1656,1,"34,35",136,152,0,0
1657,1,"34,37",136,160,0,0
1658,1,"34,39",136,168,0,0
1659,1,"34,41",136,176,0,0
1660,2,"6,104",6,104,0,0
1661,2,"6,96",6,96,0,0
1662,2,"10,92",10,92,0,0
1663,2,"6,88",6,88,0,0
1664,2,"10,84",10,84,0,0
1665,2,"6,80",6,80,0,0
1666,2,"10,76",10,76,0,0
1667,2,"6,72",6,72,0,0
1668,2,"10,67",10,67,0,0
1669,2,"13,62",13,62,0,0
1670,2,"7,63",7,63,0,0
1671,2,"10,58",10,58,0,0
1672,2,"16,58",16,58,0,0
1673,2,"13,54",13,54,0,0
1674,2,"7,54",7,54,0,0
1675,2,"10,49",10,49,0,0
1676,2,"16,50",16,50,0,0
1677,2,"13,45",13,45,0,0
1678,2,"7,44",7,44,0,0
1679,2,"10,39",10,39,0,0
1680,2,"16,41",16,41,0,0
1681,2,"13,34",13,34,0,0
1682,2,"7,32",7,32,0,0
1683,2,"10,28",10,28,0,0
1684,2,"16,30",16,30,0,0
1685,2,"19,26",19,26,0,0
1686,2,"13,24",13,24,0,0
1687,2,"7,22",7,22,0,0
1688,2,"10,18",10,18,0,0
1689,2,"16,20",16,20,0,0
1690,2,"22,22",22,22,0,0
1691,2,"19,16",19,16,0,0
1692,2,"13,14",13,14,0,0
1693,2,"7,12",7,12,0,0
1694,2,"10,8",10,8,0,0
1695,2,"16,10",16,10,0,0
1696,2,"22,12",22,12,0,0
1697,2,"29,13",29,13,0,0
1698,2,"37,13",37,13,0,0
1699,2,"45,13",45,13,0,0
1700,2,"53,13",53,13,0,0
1701,2,"61,13",61,13,0,0
1702,2,"69,13",69,13,0,0
1703,2,"77,13",77,13,0,0
1704,2,"85,13",85,13,0,0
1705,2,"93,13",93,13,0,0
1706,2,"101,13",101,13,0,0
1707,2,"109,13",109,13,0,0
1708,2,"117,13",117,13,0,0
1709,2,"125,13",125,13,0,0
1710,2,"133,13",133,13,0,0
1711,2,"141,13",141,13,0,0
1712,2,"149,13",149,13,0,0
1713,2,"157,13",157,13,0,0
1714,2,"165,13",165,13,0,0
1715,2,"173,13",173,13,0,0
1716,2,"181,13",181,13,0,0
1717,2,"177,17",177,17,0,0
1718,2,"169,17",169,17,0,0
1719,2,"161,17",161,17,0,0
1720,2,"153,17",153,17,0,0
1721,2,"145,17",145,17,0,0
1722,2,"137,17",137,17,0,0
1723,2,"129,17",129,17,0,0
1724,2,"121,17",121,17,0,0
1725,2,"113,17",113,17,0,0
1726,2,"105,17",105,17,0,0
1727,2,"97,17",97,17,0,0
1728,2,"89,17",89,17,0,0
1729,2,"81,17",81,17,0,0
1730,2,"73,17",73,17,0,0
1731,2,"65,17",65,17,0,0
1732,2,"57,17",57,17,0,0
1733,2,"49,17",49,17,0,0
1734,2,"41,17",41,17,0,0
1735,2,"33,17",33,17,0,0
1736,2,"29,25",29,25,0,0
1737,2,"37,25",37,25,0,0
1738,2,"45,25",45,25,0,0
1739,2,"53,25",53,25,0,0
1740,2,"61,25",61,25,0,0
1741,2,"69,25",69,25,0,0
1742,2,"77,25",77,25,0,0
1743,2,"85,25",85,25,0,0
1744,2,"93,25",93,25,0,0
1745,2,"101,25",101,25,0,0
1746,2,"105,29",105,29,0,0
1747,2,"97,29",97,29,0,0
1748,2,"89,29",89,29,0,0
1749,2,"81,29",81,29,0,0
1750,2,"73,29",73,29,0,0
1751,2,"65,29",65,29,0,0
1752,2,"57,29",57,29,0,0
1753,2,"49,29",49,29,0,0
1754,2,"41,29",41,29,0,0
1755,2,"33,29",33,29,0,0
1756,2,"29,33",29,33,0,0
1757,2,"37,33",37,33,0,0
1758,2,"45,33",45,33,0,0
1759,2,"53,33",53,33,0,0
1760,2,"61,33",61,33,0,0
1761,2,"69,33",69,33,0,0
1762,2,"65,37",65,37,0,0
1763,2,"57,37",57,37,0,0
1764,2,"49,37",49,37,0,0
1765,2,"41,37",41,37,0,0
1766,2,"33,37",33,37,0,0
1767,2,"29,41",29,41,0,0
1768,2,"37,41",37,41,0,0
1769,2,"45,41",45,41,0,0
1770,2,"53,41",53,41,0,0
1771,2,"61,41",61,41,0,0
1772,2,"69,41",69,41,0,0
1773,2,"65,45",65,45,0,0
1774,2,"57,45",57,45,0,0
1775,2,"49,45",49,45,0,0
1776,2,"41,45",41,45,0,0
1777,2,"33,45",33,45,0,0
1778,2,"29,49",29,49,0,0
1779,2,"37,49",37,49,0,0
1780,2,"45,49",45,49,0,0
1781,2,"53,49",53,49,0,0
1782,2,"61,49",61,49,0,0
1783,2,"69,49",69,49,0,0
1784,2,"65,53",65,53,0,0
1785,2,"57,53",57,53,0,0
1786,2,"49,53",49,53,0,0
1787,2,"41,53",41,53,0,0
1788,2,"33,53",33,53,0,0
1789,2,"29,57",29,57,0,0
1790,2,"37,57",37,57,0,0
1791,2,"45,57",45,57,0,0
1792,2,"53,57",53,57,0,0
1793,2,"61,57",61,57,0,0
1794,2,"65,61",65,61,0,0
1795,2,"57,61",57,61,0,0
1796,2,"49,61",49,61,0,0
1797,2,"41,61",41,61,0,0
1798,2,"33,61",33,61,0,0
1799,2,"29,65",29,65,0,0
1800,2,"37,65",37,65,0,0
1801,2,"45,65",45,65,0,0
1802,2,"53,65",53,65,0,0
1803,2,"61,65",61,65,0,0
1804,2,"57,69",57,69,0,0
1805,2,"49,69",49,69,0,0
1806,2,"41,69",41,69,0,0
1807,2,"33,69",33,69,0,0
1808,2,"29,73",29,73,0,0
1809,2,"37,73",37,73,0,0
1810,2,"45,73",45,73,0,0
1811,2,"53,73",53,73,0,0
1812,2,"61,73",61,73,0,0
1813,2,"57,77",57,77,0,0
1814,2,"49,77",49,77,0,0
1815,2,"41,77",41,77,0,0
1816,2,"33,77",33,77,0,0
1817,2,"29,81",29,81,0,0
1818,2,"37,81",37,81,0,0
1819,2,"45,81",45,81,0,0
1820,2,"53,81",53,81,0,0
1821,2,"57,85",57,85,0,0
1822,2,"49,85",49,85,0,0
1823,2,"41,85",41,85,0,0
1824,2,"33,85",33,85,0,0
1825,2,"29,89",29,89,0,0
1826,2,"37,89",37,89,0,0
1827,2,"45,89",45,89,0,0
1828,2,"53,89",53,89,0,0
1829,2,"57,93",57,93,0,0
1830,2,"49,93",49,93,0,0
1831,2,"41,93",41,93,0,0
1832,2,"33,93",33,93,0,0
1833,2,"33,101",33,101,0,0
1834,2,"41,101",41,101,0,0
1835,2,"49,101",49,101,0,0
1836,2,"62,102",62,102,0,0
1837,2,"67,104",67,104,0,0
1838,2,"72,106",72,106,0,0
1839,2,"74,98",74,98,0,0
1840,2,"69,96",69,96,0,0
1841,2,"64,94",64,94,0,0
1842,2,"68,91",68,91,0,0
1843,2,"73,93",73,93,0,0
1844,2,"71,88",71,88,0,0
1845,2,"66,86",66,86,0,0
1846,2,"70,83",70,83,0,0
1847,2,"75,85",75,85,0,0
1848,2,"73,80",73,80,0,0
1849,2,"68,78",68,78,0,0
1850,2,"72,75",72,75,0,0
1851,2,"70,71",70,71,0,0
1852,2,"74,68",74,68,0,0
1853,2,"72,63",72,63,0,0
1854,2,"75,59",75,59,0,0
1855,2,"75,54",75,54,0,0
1856,2,"76,48",76,48,0,0
1857,2,"85,36",85,36,0,0
1858,2,"93,36",93,36,0,0
1859,2,"101,36",101,36,0,0
1860,2,"109,36",109,36,0,0
1861,2,"117,36",117,36,0,0
1862,2,"125,36",125,36,0,0
1863,2,"129,40",129,40,0,0
1864,2,"121,40",121,40,0,0
1865,2,"113,40",113,40,0,0
1866,2,"105,40",105,40,0,0
1867,2,"97,40",97,40,0,0
1868,2,"89,40",89,40,0,0
1869,2,"81,40",81,40,0,0
1870,2,"85,44",85,44,0,0
1871,2,"93,44",93,44,0,0
1872,2,"101,44",101,44,0,0
1873,2,"109,44",109,44,0,0
1874,2,"117,44",117,44,0,0
1875,2,"125,44",125,44,0,0
1876,2,"129,48",129,48,0,0
1877,2,"121,48",121,48,0,0
1878,2,"113,48",113,48,0,0
1879,2,"105,48",105,48,0,0
1880,2,"97,48",97,48,0,0
1881,2,"89,48",89,48,0,0
1882,2,"81,48",81,48,0,0
1883,2,"85,52",85,52,0,0
1884,2,"93,52",93,52,0,0
1885,2,"101,52",101,52,0,0
1886,2,"109,52",109,52,0,0
1887,2,"117,52",117,52,0,0
1888,2,"125,52",125,52,0,0
1889,2,"129,56",129,56,0,0
1890,2,"121,56",121,56,0,0
1891,2,"113,56",113,56,0,0
1892,2,"105,56",105,56,0,0
1893,2,"97,56",97,56,0,0
1894,2,"89,56",89,56,0,0
1895,2,"81,56",81,56,0,0
1896,2,"85,60",85,60,0,0
1897,2,"93,60",93,60,0,0
1898,2,"101,60",101,60,0,0
1899,2,"109,60",109,60,0,0
1900,2,"117,60",117,60,0,0
1901,2,"125,60",125,60,0,0
1902,2,"129,64",129,64,0,0
1903,2,"121,64",121,64,0,0
1904,2,"113,64",113,64,0,0
1905,2,"105,64",105,64,0,0
1906,2,"97,64",97,64,0,0
1907,2,"89,64",89,64,0,0
1908,2,"81,64",81,64,0,0
1909,2,"85,68",85,68,0,0
1910,2,"93,68",93,68,0,0
1911,2,"101,68",101,68,0,0
1912,2,"109,68",109,68,0,0
1913,2,"117,68",117,68,0,0
1914,2,"125,68",125,68,0,0
1915,2,"129,72",129,72,0,0
1916,2,"121,72",121,72,0,0
1917,2,"113,72",113,72,0,0
1918,2,"105,72",105,72,0,0
1919,2,"97,72",97,72,0,0
1920,2,"89,72",89,72,0,0
1921,2,"81,72",81,72,0,0
1922,2,"85,76",85,76,0,0
1923,2,"93,76",93,76,0,0
1924,2,"101,76",101,76,0,0
1925,2,"109,76",109,76,0,0
1926,2,"117,76",117,76,0,0
1927,2,"125,76",125,76,0,0
1928,2,"129,80",129,80,0,0
1929,2,"121,80",121,80,0,0
1930,2,"113,80",113,80,0,0
1931,2,"105,80",105,80,0,0
1932,2,"97,80",97,80,0,0
1933,2,"89,80",89,80,0,0
1934,2,"81,80",81,80,0,0
1935,2,"85,84",85,84,0,0
1936,2,"93,84",93,84,0,0
1937,2,"101,84",101,84,0,0
1938,2,"109,84",109,84,0,0
1939,2,"117,84",117,84,0,0
1940,2,"125,84",125,84,0,0
1941,2,"129,88",129,88,0,0
1942,2,"121,88",121,88,0,0
1943,2,"113,88",113,88,0,0
1944,2,"105,88",105,88,0,0
1945,2,"97,88",97,88,0,0
1946,2,"89,88",89,88,0,0
1947,2,"81,88",81,88,0,0
1948,2,"85,92",85,92,0,0
1949,2,"93,92",93,92,0,0
1950,2,"101,92",101,92,0,0
1951,2,"109,92",109,92,0,0
1952,2,"117,92",117,92,0,0
1953,2,"125,92",125,92,0,0
1954,2,"129,96",129,96,0,0
1955,2,"121,96",121,96,0,0
1956,2,"113,96",113,96,0,0
1957,2,"105,96",105,96,0,0
1958,2,"97,96",97,96,0,0
1959,2,"89,96",89,96,0,0
1960,2,"81,96",81,96,0,0
1961,2,"81,104",81,104,0,0
1962,2,"81,110",81,110,0,0
1963,2,"89,110",89,110,0,0
1964,2,"89,104",89,104,0,0
1965,2,"97,104",97,104,0,0
1966,2,"97,110",97,110,0,0
1967,2,"105,110",105,110,0,0
1968,2,"105,104",105,104,0,0
1969,2,"113,104",113,104,0,0
1970,2,"113,110",113,110,0,0
1971,2,"121,110",121,110,0,0
1972,2,"121,104",121,104,0,0
1973,2,"129,104",129,104,0,0
1974,2,"129,110",129,110,0,0
1975,2,"138,106",138,106,0,0
1976,2,"143,104",143,104,0,0
1977,2,"141,96",141,96,0,0
1978,2,"136,98",136,98,0,0
1979,2,"137,93",137,93,0,0
1980,2,"142,91",142,91,0,0
1981,2,"139,88",139,88,0,0
1982,2,"135,85",135,85,0,0
1983,2,"140,83",140,83,0,0
1984,2,"137,80",137,80,0,0
1985,2,"138,75",138,75,0,0
1986,2,"136,68",136,68,0,0
1987,2,"135,59",135,59,0,0
1988,2,"134,48",134,48,0,0
1989,2,"135,54",135,54,0,0
1990,2,"138,63",138,63,0,0
1991,2,"140,71",140,71,0,0
1992,2,"142,78",142,78,0,0
1993,2,"144,86",144,86,0,0
1994,2,"146,94",146,94,0,0
1995,2,"148,102",148,102,0,0
1996,2,"161,101",161,101,0,0
1997,2,"169,101",169,101,0,0
1998,2,"177,101",177,101,0,0
1999,2,"177,93",177,93,0,0
2000,2,"169,93",169,93,0,0
2001,2,"161,93",161,93,0,0
2002,2,"153,93",153,93,0,0
2003,2,"157,89",157,89,0,0
2004,2,"165,89",165,89,0,0
2005,2,"173,89",173,89,0,0
2006,2,"181,89",181,89,0,0
2007,2,"177,85",177,85,0,0
2008,2,"169,85",169,85,0,0
2009,2,"161,85",161,85,0,0
2010,2,"153,85",153,85,0,0
2011,2,"157,81",157,81,0,0
2012,2,"165,81",165,81,0,0
2013,2,"173,81",173,81,0,0
2014,2,"181,81",181,81,0,0
2015,2,"177,77",177,77,0,0
2016,2,"169,77",169,77,0,0
2017,2,"161,77",161,77,0,0
2018,2,"153,77",153,77,0,0
2019,2,"149,73",149,73,0,0
2020,2,"157,73",157,73,0,0
2021,2,"165,73",165,73,0,0
2022,2,"173,73",173,73,0,0
2023,2,"181,73",181,73,0,0
2024,2,"177,69",177,69,0,0
2025,2,"169,69",169,69,0,0
2026,2,"161,69",161,69,0,0
2027,2,"153,69",153,69,0,0
2028,2,"149,65",149,65,0,0
2029,2,"157,65",157,65,0,0
2030,2,"165,65",165,65,0,0
2031,2,"173,65",173,65,0,0
2032,2,"181,65",181,65,0,0
2033,2,"177,61",177,61,0,0
2034,2,"169,61",169,61,0,0
2035,2,"161,61",161,61,0,0
2036,2,"153,61",153,61,0,0
2037,2,"145,61",145,61,0,0
2038,2,"149,57",149,57,0,0
2039,2,"157,57",157,57,0,0
2040,2,"165,57",165,57,0,0
2041,2,"173,57",173,57,0,0
2042,2,"181,57",181,57,0,0
2043,2,"177,53",177,53,0,0
2044,2,"169,53",169,53,0,0
2045,2,"161,53",161,53,0,0
2046,2,"153,53",153,53,0,0
2047,2,"145,53",145,53,0,0
2048,2,"141,49",141,49,0,0
2049,2,"149,49",149,49,0,0
2050,2,"157,49",157,49,0,0
2051,2,"165,49",165,49,0,0
2052,2,"173,49",173,49,0,0
2053,2,"181,49",181,49,0,0
2054,2,"177,45",177,45,0,0
2055,2,"169,45",169,45,0,0
2056,2,"161,45",161,45,0,0
2057,2,"153,45",153,45,0,0
2058,2,"145,45",145,45,0,0
2059,2,"141,41",141,41,0,0
2060,2,"149,41",149,41,0,0
2061,2,"157,41",157,41,0,0
2062,2,"165,41",165,41,0,0
2063,2,"173,41",173,41,0,0
2064,2,"181,41",181,41,0,0
2065,2,"177,37",177,37,0,0
2066,2,"169,37",169,37,0,0
2067,2,"161,37",161,37,0,0
2068,2,"153,37",153,37,0,0
2069,2,"145,37",145,37,0,0
2070,2,"141,33",141,33,0,0
2071,2,"149,33",149,33,0,0
2072,2,"157,33",157,33,0,0
2073,2,"165,33",165,33,0,0
2074,2,"173,33",173,33,0,0
2075,2,"181,33",181,33,0,0
2076,2,"177,29",177,29,0,0
2077,2,"169,29",169,29,0,0
2078,2,"161,29",161,29,0,0
2079,2,"153,29",153,29,0,0
2080,2,"145,29",145,29,0,0
2081,2,"137,29",137,29,0,0
2082,2,"129,29",129,29,0,0
2083,2,"121,29",121,29,0,0
2084,2,"113,29",113,29,0,0
2085,2,"109,25",109,25,0,0
2086,2,"117,25",117,25,0,0
2087,2,"125,25",125,25,0,0
2088,2,"133,25",133,25,0,0
2089,2,"141,25",141,25,0,0
2090,2,"149,25",149,25,0,0
2091,2,"157,25",157,25,0,0
2092,2,"165,25",165,25,0,0
2093,2,"173,25",173,25,0,0
2094,2,"181,25",181,25,0,0
2095,2,"188,12",188,12,0,0
2096,2,"194,10",194,10,0,0
2097,2,"200,8",200,8,0,0
2098,2,"203,12",203,12,0,0
2099,2,"197,14",197,14,0,0
2100,2,"191,16",191,16,0,0
2101,2,"188,22",188,22,0,0
2102,2,"194,20",194,20,0,0
2103,2,"200,18",200,18,0,0
2104,2,"203,22",203,22,0,0
2105,2,"197,24",197,24,0,0
2106,2,"191,26",191,26,0,0
2107,2,"194,30",194,30,0,0
2108,2,"200,28",200,28,0,0
2109,2,"203,32",203,32,0,0
2110,2,"197,34",197,34,0,0
2111,2,"194,41",194,41,0,0
2112,2,"200,39",200,39,0,0
2113,2,"203,44",203,44,0,0
2114,2,"197,45",197,45,0,0
2115,2,"194,50",194,50,0,0
2116,2,"200,49",200,49,0,0
2117,2,"203,54",203,54,0,0
2118,2,"197,54",197,54,0,0
2119,2,"194,58",194,58,0,0
2120,2,"200,58",200,58,0,0
2121,2,"203,63",203,63,0,0
2122,2,"197,62",197,62,0,0
2123,2,"200,67",200,67,0,0
2124,2,"204,72",204,72,0,0
2125,2,"200,76",200,76,0,0
2126,2,"204,80",204,80,0,0
2127,2,"200,84",200,84,0,0
2128,2,"204,88",204,88,0,0
2129,2,"200,92",200,92,0,0
2130,2,"204,96",204,96,0,0
2131,2,"204,104",204,104,0,0
2132,3,"-1,1",-4,4,2135,0
2133,3,"-1,3",-4,12,2136,0
2134,3,"0,2",0,8,2134,0
2135,3,"1,1",4,4,2132,0
2136,3,"1,3",4,12,2133,0
2137,4,"56,-8",56,-8,0,0
2138,4,"52,-4",52,-4,0,0
2139,4,"48,-8",48,-8,0,0
2140,4,"44,-4",44,-4,0,0
2141,4,"40,-8",40,-8,0,0
2142,4,"36,-4",36,-4,0,0
2143,4,"32,-8",32,-8,0,0
2144,4,"28,-4",28,-4,0,0
2145,4,"24,-8",24,-8,0,0
2146,4,"20,-4",20,-4,0,0
2147,4,"16,-8",16,-8,0,0
2148,4,"12,-4",12,-4,0,0
2149,4,"8,-8",8,-8,0,0
2150,4,"4,-4",4,-4,0,0
2151,4,"0,-8",0,-8,0,0
2152,4,"-4,-4",-4,-4,0,0
2153,4,"-8,-8",-8,-8,0,0
2154,4,"-12,-4",-12,-4,0,0
2155,4,"-16,-8",-16,-8,0,0
2156,4,"-20,-4",-20,-4,0,0
2157,4,"-24,-8",-24,-8,0,0
2158,4,"-28,-4",-28,-4,0,0
2159,4,"-32,-8",-32,-8,0,0
2160,4,"-36,-4",-36,-4,0,0
2161,4,"-40,-8",-40,-8,0,0
2162,4,"-44,-4",-44,-4,0,0
2163,4,"-48,-8",-48,-8,0,0
2164,4,"-56,-8",-56,-8,0,0
2165,4,"-52,-4",-52,-4,0,0
2166,4,"-52,4",-52,4,0,0
2167,4,"-56,8",-56,8,0,0
2168,4,"-52,12",-52,12,0,0
2169,4,"-48,16",-48,16,0,0
2170,4,"-52,20",-52,20,0,0
2171,4,"-56,24",-56,24,0,0
2172,4,"-52,28",-52,28,0,0
2173,4,"-48,32",-48,32,0,0
2174,4,"-52,36",-52,36,0,0
2175,4,"-56,40",-56,40,0,0
2176,4,"-52,44",-52,44,0,0
2177,4,"-48,48",-48,48,0,0
2178,4,"-52,52",-52,52,0,0
2179,4,"-56,56",-56,56,0,0
2180,4,"-52,60",-52,60,0,0
2181,4,"-48,64",-48,64,0,0
2182,4,"-52,68",-52,68,0,0
2183,4,"-56,72",-56,72,0,0
2184,4,"-52,76",-52,76,0,0
2185,4,"-48,80",-48,80,0,0
2186,4,"-52,84",-52,84,0,0
2187,4,"-56,88",-56,88,0,0
2188,4,"-52,92",-52,92,0,0
2189,4,"-48,96",-48,96,0,0
2190,4,"-52,100",-52,100,0,0
2191,4,"-56,104",-56,104,0,0
2192,4,"-52,108",-52,108,0,0
2193,4,"-48,112",-48,112,0,0
2194,4,"-52,116",-52,116,0,0
2195,4,"-44,116",-44,116,0,0
2196,4,"-44,108",-44,108,0,0
2197,4,"-40,104",-40,104,0,0
2198,4,"-44,100",-44,100,0,0
2199,4,"-44,92",-44,92,0,0
2200,4,"-40,88",-40,88,0,0
2201,4,"-44,84",-44,84,0,0
2202,4,"-44,76",-44,76,0,0
2203,4,"-40,72",-40,72,0,0
2204,4,"-44,68",-44,68,0,0
2205,4,"-44,60",-44,60,0,0
2206,4,"-40,56",-40,56,0,0
2207,4,"-44,52",-44,52,0,0
2208,4,"-44,44",-44,44,0,0
2209,4,"-40,40",-40,40,0,0
2210,4,"-44,36",-44,36,0,0
2211,4,"-44,28",-44,28,0,0
2212,4,"-40,24",-40,24,0,0
2213,4,"-44,20",-44,20,0,0
2214,4,"-44,12",-44,12,0,0
2215,4,"-40,8",-40,8,0,0
2216,4,"-44,4",-44,4,0,0
2217,4,"-36,4",-36,4,0,0
2218,4,"-36,12",-36,12,0,0
2219,4,"-32,16",-32,16,0,0
2220,4,"-36,20",-36,20,0,0
2221,4,"-36,28",-36,28,0,0
2222,4,"-32,32",-32,32,0,0
2223,4,"-36,36",-36,36,0,0
2224,4,"-36,44",-36,44,0,0
2225,4,"-32,48",-32,48,0,0
2226,4,"-36,52",-36,52,0,0
2227,4,"-36,60",-36,60,0,0
2228,4,"-32,64",-32,64,0,0
2229,4,"-36,68",-36,68,0,0
2230,4,"-36,76",-36,76,0,0
2231,4,"-32,80",-32,80,0,0
2232,4,"-36,84",-36,84,0,0
2233,4,"-36,92",-36,92,0,0
2234,4,"-32,96",-32,96,0,0
2235,4,"-36,100",-36,100,0,0
2236,4,"-36,108",-36,108,0,0
2237,4,"-32,112",-32,112,0,0
2238,4,"-36,116",-36,116,0,0
2239,4,"-28,116",-28,116,0,0
2240,4,"-28,108",-28,108,0,0
2241,4,"-24,104",-24,104,0,0
2242,4,"-28,100",-28,100,0,0
2243,4,"-28,92",-28,92,0,0
2244,4,"-24,88",-24,88,0,0
2245,4,"-28,84",-28,84,0,0
2246,4,"-28,76",-28,76,0,0
2247,4,"-24,72",-24,72,0,0
2248,4,"-28,68",-28,68,0,0
2249,4,"-28,60",-28,60,0,0
2250,4,"-24,56",-24,56,0,0
2251,4,"-28,52",-28,52,0,0
2252,4,"-28,44",-28,44,0,0
2253,4,"-24,40",-24,40,0,0
2254,4,"-28,36",-28,36,0,0
2255,4,"-28,28",-28,28,0,0
2256,4,"-24,24",-24,24,0,0
2257,4,"-28,20",-28,20,0,0
2258,4,"-28,12",-28,12,0,0
2259,4,"-24,8",-24,8,0,0
2260,4,"-28,4",-28,4,0,0
2261,4,"-20,4",-20,4,0,0
2262,4,"-20,12",-20,12,0,0
2263,4,"-16,16",-16,16,0,0
2264,4,"-20,20",-20,20,0,0
2265,4,"-20,28",-20,28,0,0
2266,4,"-16,32",-16,32,0,0
2267,4,"-20,36",-20,36,0,0
2268,4,"-20,44",-20,44,0,0
2269,4,"-16,48",-16,48,0,0
2270,4,"-20,52",-20,52,0,0
2271,4,"-20,60",-20,60,0,0
2272,4,"-16,64",-16,64,0,0
2273,4,"-20,68",-20,68,0,0
2274,4,"-20,76",-20,76,0,0
2275,4,"-16,80",-16,80,0,0
2276,4,"-20,84",-20,84,0,0
2277,4,"-20,92",-20,92,0,0
2278,4,"-16,96",-16,96,0,0
2279,4,"-20,100",-20,100,0,0
2280,4,"-20,108",-20,108,0,0
2281,4,"-16,112",-16,112,0,0
2282,4,"-20,116",-20,116,0,0
2283,4,"-12,116",-12,116,0,0
2284,4,"-12,108",-12,108,0,0
2285,4,"-8,104",-8,104,0,0
2286,4,"-12,100",-12,100,0,0
2287,4,"-12,92",-12,92,0,0
2288,4,"-8,88",-8,88,0,0
2289,4,"-12,84",-12,84,0,0
2290,4,"-12,76",-12,76,0,0
2291,4,"-8,72",-8,72,0,0
2292,4,"-12,68",-12,68,0,0
2293,4,"-12,60",-12,60,0,0
2294,4,"-8,56",-8,56,0,0
2295,4,"-12,52",-12,52,0,0
2296,4,"-12,44",-12,44,0,0
2297,4,"-8,40",-8,40,0,0
2298,4,"-12,36",-12,36,0,0
2299,4,"-12,28",-12,28,0,0
2300,4,"-8,24",-8,24,0,0
2301,4,"-12,20",-12,20,0,0
2302,4,"-12,12",-12,12,0,0
2303,4,"-8,8",-8,8,0,0
2304,4,"-12,4",-12,4,0,0
2305,4,"-4,4",-4,4,0,0
2306,4,"-4,12",-4,12,0,0
2307,4,"0,16",0,16,0,0
2308,4,"-4,20",-4,20,0,0
2309,4,"-4,28",-4,28,0,0
2310,4,"0,32",0,32,0,0
2311,4,"-4,36",-4,36,0,0
2312,4,"-4,44",-4,44,0,0
2313,4,"0,48",0,48,0,0
2314,4,"-4,52",-4,52,0,0
2315,4,"-4,60",-4,60,0,0
2316,4,"0,64",0,64,0,0
2317,4,"-4,68",-4,68,0,0
2318,4,"-4,76",-4,76,0,0
2319,4,"0,80",0,80,0,0
2320,4,"-4,84",-4,84,0,0
2321,4,"-4,92",-4,92,0,0
2322,4,"0,96",0,96,0,0
2323,4,"-4,100",-4,100,0,0
2324,4,"-4,108",-4,108,0,0
2325,4,"0,112",0,112,0,0
2326,4,"-4,116",-4,116,0,0
2327,4,"4,116",4,116,0,0
2328,4,"4,108",4,108,0,0
2329,4,"8,104",8,104,0,0
2330,4,"4,100",4,100,0,0
2331,4,"4,92",4,92,0,0
2332,4,"8,88",8,88,0,0
2333,4,"4,84",4,84,0,0
2334,4,"4,76",4,76,0,0
2335,4,"8,72",8,72,0,0
2336,4,"4,68",4,68,0,0
2337,4,"4,60",4,60,0,0
2338,4,"8,56",8,56,0,0
2339,4,"4,52",4,52,0,0
2340,4,"4,44",4,44,0,0
2341,4,"8,40",8,40,0,0
2342,4,"4,36",4,36,0,0
2343,4,"4,28",4,28,0,0
2344,4,"8,24",8,24,0,0
2345,4,"4,20",4,20,0,0
2346,4,"4,12",4,12,0,0
2347,4,"8,8",8,8,0,0
2348,4,"4,4",4,4,0,0
2349,4,"12,4",12,4,0,0
2350,4,"12,12",12,12,0,0
2351,4,"16,16",16,16,0,0
2352,4,"12,20",12,20,0,0
2353,4,"12,28",12,28,0,0
2354,4,"16,32",16,32,0,0
2355,4,"12,36",12,36,0,0
2356,4,"12,44",12,44,0,0
2357,4,"16,48",16,48,0,0
2358,4,"12,52",12,52,0,0
2359,4,"12,60",12,60,0,0
2360,4,"16,64",16,64,0,0
2361,4,"12,68",12,68,0,0
2362,4,"12,76",12,76,0,0
2363,4,"16,80",16,80,0,0
2364,4,"12,84",12,84,0,0
2365,4,"12,92",12,92,0,0
2366,4,"16,96",16,96,0,0
2367,4,"12,100",12,100,0,0
2368,4,"12,108",12,108,0,0
2369,4,"16,112",16,112,0,0
2370,4,"12,116",12,116,0,0
2371,4,"20,116",20,116,0,0
2372,4,"20,108",20,108,0,0
2373,4,"24,104",24,104,0,0
2374,4,"20,100",20,100,0,0
2375,4,"20,92",20,92,0,0
2376,4,"24,88",24,88,0,0
2377,4,"20,84",20,84,0,0
2378,4,"20,76",20,76,0,0
2379,4,"24,72",24,72,0,0
2380,4,"20,68",20,68,0,0
2381,4,"20,60",20,60,0,0
2382,4,"24,56",24,56,0,0
2383,4,"20,52",20,52,0,0
2384,4,"20,44",20,44,0,0
2385,4,"24,40",24,40,0,0
2386,4,"20,36",20,36,0,0
2387,4,"20,28",20,28,0,0
2388,4,"24,24",24,24,0,0
2389,4,"20,20",20,20,0,0
2390,4,"20,12",20,12,0,0
2391,4,"24,8",24,8,0,0
2392,4,"20,4",20,4,0,0
2393,4,"28,4",28,4,0,0
2394,4,"28,12",28,12,0,0
2395,4,"32,16",32,16,0,0
2396,4,"28,20",28,20,0,0
2397,4,"28,28",28,28,0,0
2398,4,"32,32",32,32,0,0
2399,4,"28,36",28,36,0,0
2400,4,"28,44",28,44,0,0
2401,4,"32,48",32,48,0,0
2402,4,"28,52",28,52,0,0
2403,4,"28,60",28,60,0,0
2404,4,"32,64",32,64,0,0
2405,4,"28,68",28,68,0,0
2406,4,"28,76",28,76,0,0
2407,4,"32,80",32,80,0,0
2408,4,"28,84",28,84,0,0
2409,4,"28,92",28,92,0,0
2410,4,"32,96",32,96,0,0
2411,4,"28,100",28,100,0,0
2412,4,"28,108",28,108,0,0
2413,4,"32,112",32,112,0,0
2414,4,"28,116",28,116,0,0
2415,4,"36,116",36,116,0,0
2416,4,"36,108",36,108,0,0
2417,4,"40,104",40,104,0,0
2418,4,"36,100",36,100,0,0
2419,4,"36,92",36,92,0,0
2420,4,"40,88",40,88,0,0
2421,4,"36,84",36,84,0,0
2422,4,"36,76",36,76,0,0
2423,4,"40,72",40,72,0,0
2424,4,"36,68",36,68,0,0
2425,4,"36,60",36,60,0,0
2426,4,"40,56",40,56,0,0
2427,4,"36,52",36,52,0,0
2428,4,"36,44",36,44,0,0
2429,4,"40,40",40,40,0,0
2430,4,"36,36",36,36,0,0
2431,4,"36,28",36,28,0,0
2432,4,"40,24",40,24,0,0
2433,4,"36,20",36,20,0,0
2434,4,"36,12",36,12,0,0
2435,4,"40,8",40,8,0,0
2436,4,"36,4",36,4,0,0
2437,4,"44,4",44,4,0,0
2438,4,"44,12",44,12,0,0
2439,4,"48,16",48,16,0,0
2440,4,"44,20",44,20,0,0
2441,4,"44,28",44,28,0,0
2442,4,"48,32",48,32,0,0
2443,4,"44,36",44,36,0,0
2444,4,"44,44",44,44,0,0
2445,4,"48,48",48,48,0,0
2446,4,"44,52",44,52,0,0
2447,4,"44,60",44,60,0,0
2448,4,"48,64",48,64,0,0
2449,4,"44,68",44,68,0,0
2450,4,"44,76",44,76,0,0
2451,4,"48,80",48,80,0,0
2452,4,"44,84",44,84,0,0
2453,4,"44,92",44,92,0,0
2454,4,"48,96",48,96,0,0
2455,4,"44,100",44,100,0,0
2456,4,"44,108",44,108,0,0
2457,4,"48,112",48,112,0,0
2458,4,"44,116",44,116,0,0
2459,4,"52,116",52,116,0,0
2460,4,"52,108",52,108,0,0
2461,4,"56,104",56,104,0,0
2462,4,"52,100",52,100,0,0
2463,4,"52,92",52,92,0,0
2464,4,"56,88",56,88,0,0
2465,4,"52,84",52,84,0,0
2466,4,"52,76",52,76,0,0
2467,4,"56,72",56,72,0,0
2468,4,"52,68",52,68,0,0
2469,4,"52,60",52,60,0,0
2470,4,"56,56",56,56,0,0
2471,4,"52,52",52,52,0,0
2472,4,"52,44",52,44,0,0
2473,4,"56,40",56,40,0,0
2474,4,"52,36",52,36,0,0
2475,4,"52,28",52,28,0,0
2476,4,"56,24",56,24,0,0
2477,4,"52,20",52,20,0,0
2478,4,"52,12",52,12,0,0
2479,4,"56,8",56,8,0,0
2480,4,"52,4",52,4,0,0
2481,5,"4,36",4,36,0,0
2482,5,"4,44",4,44,0,0
2483,5,"4,52",4,52,0,0
2484,5,"4,60",4,60,0,0
2485,5,"4,68",4,68,0,0
2486,5,"4,76",4,76,0,0
2487,5,"4,84",4,84,0,0
2488,5,"4,92",4,92,0,0
2489,5,"4,100",4,100,0,0
2490,5,"4,108",4,108,0,0
2491,5,"4,116",4,116,0,0
2492,5,"4,124",4,124,0,0
2493,5,"4,132",4,132,0,0
2494,5,"4,140",4,140,0,0
2495,5,"4,148",4,148,0,0
2496,5,"4,156",4,156,0,0
2497,5,"4,164",4,164,0,0
2498,5,"4,172",4,172,0,0
2499,5,"4,180",4,180,0,0
2500,5,"4,188",4,188,0,0
2501,5,"4,196",4,196,0,0
2502,5,"4,204",4,204,0,0
2503,5,"4,212",4,212,0,0
2504,5,"4,220",4,220,0,0
2505,5,"4,228",4,228,0,0
2506,5,"4,236",4,236,0,0
2507,5,"4,244",4,244,0,0
2508,5,"4,252",4,252,0,0
2509,5,"4,260",4,260,0,0
2510,5,"4,268",4,268,0,0
2511,5,"4,276",4,276,0,0
2512,5,"12,276",12,276,0,0
2513,5,"12,268",12,268,0,0
2514,5,"12,260",12,260,0,0
2515,5,"12,252",12,252,0,0
2516,5,"12,244",12,244,0,0
2517,5,"12,236",12,236,0,0
2518,5,"12,228",12,228,0,0
2519,5,"12,220",12,220,0,0
2520,5,"12,212",12,212,0,0
2521,5,"12,204",12,204,0,0
2522,5,"12,196",12,196,0,0
2523,5,"12,188",12,188,0,0
2524,5,"12,180",12,180,0,0
2525,5,"12,172",12,172,0,0
2526,5,"12,164",12,164,0,0
2527,5,"12,156",12,156,0,0
2528,5,"12,148",12,148,0,0
2529,5,"12,140",12,140,0,0
2530,5,"12,132",12,132,0,0
2531,5,"12,124",12,124,0,0
2532,5,"12,116",12,116,0,0
2533,5,"12,108",12,108,0,0
2534,5,"12,100",12,100,0,0
2535,5,"12,92",12,92,0,0
2536,5,"12,84",12,84,0,0
2537,5,"12,76",12,76,0,0
2538,5,"12,68",12,68,0,0
2539,5,"12,60",12,60,0,0
2540,5,"12,52",12,52,0,0
2541,5,"12,44",12,44,0,0
2542,5,"12,36",12,36,0,0
2543,5,"20,36",20,36,0,0
2544,5,"20,44",20,44,0,0
2545,5,"20,52",20,52,0,0
2546,5,"20,60",20,60,0,0
2547,5,"20,68",20,68,0,0
2548,5,"20,76",20,76,0,0
2549,5,"20,84",20,84,0,0
2550,5,"20,92",20,92,0,0
2551,5,"20,100",20,100,0,0
2552,5,"20,108",20,108,0,0
2553,5,"20,116",20,116,0,0
2554,5,"20,124",20,124,0,0
2555,5,"20,132",20,132,0,0
2556,5,"20,140",20,140,0,0
2557,5,"20,148",20,148,0,0
2558,5,"20,156",20,156,0,0
2559,5,"20,164",20,164,0,0
2560,5,"20,172",20,172,0,0
2561,5,"20,180",20,180,0,0
2562,5,"20,188",20,188,0,0
2563,5,"20,196",20,196,0,0
2564,5,"20,204",20,204,0,0
2565,5,"20,212",20,212,0,0
2566,5,"20,220",20,220,0,0
2567,5,"20,228",20,228,0,0
2568,5,"20,236",20,236,0,0
2569,5,"20,244",20,244,0,0
2570,5,"20,252",20,252,0,0
2571,5,"20,260",20,260,0,0
2572,5,"20,268",20,268,0,0
2573,5,"20,276",20,276,0,0
2574,5,"28,276",28,276,0,0
2575,5,"28,268",28,268,0,0
2576,5,"28,260",28,260,0,0
2577,5,"28,252",28,252,0,0
2578,5,"28,244",28,244,0,0
2579,5,"28,236",28,236,0,0
2580,5,"28,228",28,228,0,0
2581,5,"28,220",28,220,0,0
2582,5,"28,212",28,212,0,0
2583,5,"28,204",28,204,0,0
2584,5,"28,196",28,196,0,0
2585,5,"28,188",28,188,0,0
2586,5,"28,180",28,180,0,0
2587,5,"28,172",28,172,0,0
2588,5,"28,164",28,164,0,0
2589,5,"28,156",28,156,0,0
2590,5,"28,148",28,148,0,0
2591,5,"28,140",28,140,0,0
2592,5,"28,132",28,132,0,0
2593,5,"28,124",28,124,0,0
2594,5,"28,116",28,116,0,0
2595,5,"28,108",28,108,0,0
2596,5,"28,100",28,100,0,0
2597,5,"28,92",28,92,0,0
2598,5,"28,84",28,84,0,0
2599,5,"28,76",28,76,0,0
2600,5,"28,68",28,68,0,0
2601,5,"28,60",28,60,0,0
2602,5,"28,52",28,52,0,0
2603,5,"28,44",28,44,0,0
2604,5,"28,36",28,36,0,0
2605,5,"36,36",36,36,0,0
2606,5,"36,44",36,44,0,0
2607,5,"36,52",36,52,0,0
2608,5,"36,60",36,60,0,0
2609,5,"36,68",36,68,0,0
2610,5,"36,76",36,76,0,0
2611,5,"36,84",36,84,0,0
2612,5,"36,92",36,92,0,0
2613,5,"36,100",36,100,0,0
2614,5,"36,108",36,108,0,0
2615,5,"36,116",36,116,0,0
2616,5,"36,124",36,124,0,0
2617,5,"36,132",36,132,0,0
2618,5,"36,140",36,140,0,0
2619,5,"36,148",36,148,0,0
2620,5,"36,156",36,156,0,0
2621,5,"36,164",36,164,0,0
2622,5,"36,172",36,172,0,0
2623,5,"36,180",36,180,0,0
2624,5,"36,188",36,188,0,0
2625,5,"36,196",36,196,0,0
2626,5,"36,204",36,204,0,0
2627,5,"36,212",36,212,0,0
2628,5,"36,220",36,220,0,0
2629,5,"36,228",36,228,0,0
2630,5,"36,236",36,236,0,0
2631,5,"36,244",36,244,0,0
2632,5,"36,252",36,252,0,0
2633,5,"36,260",36,260,0,0
2634,5,"36,268",36,268,0,0
2635,5,"36,276",36,276,0,0
2636,5,"44,276",44,276,0,0
2637,5,"44,268",44,268,0,0
2638,5,"44,260",44,260,0,0
2639,5,"44,252",44,252,0,0
2640,5,"44,244",44,244,0,0
2641,5,"44,236",44,236,0,0
2642,5,"44,228",44,228,0,0
2643,5,"44,220",44,220,0,0
2644,5,"44,212",44,212,0,0
2645,5,"44,204",44,204,0,0
2646,5,"44,196",44,196,0,0
2647,5,"44,188",44,188,0,0
2648,5,"44,180",44,180,0,0
2649,5,"44,172",44,172,0,0
2650,5,"44,164",44,164,0,0
2651,5,"44,156",44,156,0,0
2652,5,"44,148",44,148,0,0
2653,5,"44,140",44,140,0,0
2654,5,"44,132",44,132,0,0
2655,5,"44,124",44,124,0,0
2656,5,"44,116",44,116,0,0
2657,5,"44,108",44,108,0,0
2658,5,"44,100",44,100,0,0
2659,5,"44,92",44,92,0,0
2660,5,"44,84",44,84,0,0
2661,5,"44,76",44,76,0,0
2662,5,"44,68",44,68,0,0
2663,5,"44,60",44,60,0,0
2664,5,"44,52",44,52,0,0
2665,5,"44,44",44,44,0,0
2666,5,"44,36",44,36,0,0
2667,5,"52,36",52,36,0,0
2668,5,"52,44",52,44,0,0
2669,5,"52,52",52,52,0,0
2670,5,"52,60",52,60,0,0
2671,5,"52,68",52,68,0,0
2672,5,"52,76",52,76,0,0
2673,5,"52,84",52,84,0,0
2674,5,"52,92",52,92,0,0
2675,5,"52,100",52,100,0,0
2676,5,"52,108",52,108,0,0
2677,5,"52,116",52,116,0,0
2678,5,"52,124",52,124,0,0
2679,5,"52,132",52,132,0,0
2680,5,"52,140",52,140,0,0
2681,5,"52,148",52,148,0,0
2682,5,"52,156",52,156,0,0
2683,5,"52,164",52,164,0,0
2684,5,"52,172",52,172,0,0
2685,5,"52,180",52,180,0,0
2686,5,"52,188",52,188,0,0
2687,5,"52,196",52,196,0,0
2688,5,"52,204",52,204,0,0
2689,5,"52,212",52,212,0,0
2690,5,"52,220",52,220,0,0
2691,5,"52,228",52,228,0,0
2692,5,"52,236",52,236,0,0
2693,5,"52,244",52,244,0,0
2694,5,"52,252",52,252,0,0
2695,5,"52,260",52,260,0,0
2696,5,"52,268",52,268,0,0
2697,5,"52,276",52,276,0,0
2698,5,"60,276",60,276,0,0
2699,5,"60,268",60,268,0,0
2700,5,"60,260",60,260,0,0
2701,5,"60,252",60,252,0,0
2702,5,"60,244",60,244,0,0
2703,5,"60,236",60,236,0,0
2704,5,"60,228",60,228,0,0
2705,5,"60,220",60,220,0,0
2706,5,"60,212",60,212,0,0
2707,5,"60,204",60,204,0,0
2708,5,"60,196",60,196,0,0
2709,5,"60,188",60,188,0,0
2710,5,"60,180",60,180,0,0
2711,5,"60,172",60,172,0,0
2712,5,"60,164",60,164,0,0
2713,5,"60,156",60,156,0,0
2714,5,"60,148",60,148,0,0
2715,5,"60,140",60,140,0,0
2716,5,"60,132",60,132,0,0
2717,5,"60,124",60,124,0,0
2718,5,"60,116",60,116,0,0
2719,5,"60,108",60,108,0,0
2720,5,"60,100",60,100,0,0
2721,5,"60,92",60,92,0,0
2722,5,"60,84",60,84,0,0
2723,5,"60,76",60,76,0,0
2724,5,"60,68",60,68,0,0
2725,5,"60,60",60,60,0,0
2726,5,"60,52",60,52,0,0
2727,5,"60,44",60,44,0,0
2728,5,"60,36",60,36,0,0
2729,5,"68,36",68,36,0,0
2730,5,"68,44",68,44,0,0
2731,5,"68,52",68,52,0,0
2732,5,"68,60",68,60,0,0
2733,5,"68,68",68,68,0,0
2734,5,"68,76",68,76,0,0
2735,5,"68,84",68,84,0,0
2736,5,"68,92",68,92,0,0
2737,5,"68,100",68,100,0,0
2738,5,"68,108",68,108,0,0
2739,5,"68,116",68,116,0,0
2740,5,"68,124",68,124,0,0
2741,5,"68,132",68,132,0,0
2742,5,"68,140",68,140,0,0
2743,5,"68,148",68,148,0,0
2744,5,"68,156",68,156,0,0
2745,5,"68,164",68,164,0,0
2746,5,"68,172",68,172,0,0
2747,5,"68,180",68,180,0,0
2748,5,"68,188",68,188,0,0
2749,5,"68,196",68,196,0,0
2750,5,"68,204",68,204,0,0
2751,5,"68,212",68,212,0,0
2752,5,"68,220",68,220,0,0
2753,5,"68,228",68,228,0,0
2754,5,"68,236",68,236,0,0
2755,5,"68,244",68,244,0,0
2756,5,"68,252",68,252,0,0
2757,5,"68,260",68,260,0,0
2758,5,"68,268",68,268,0,0
2759,5,"68,276",68,276,0,0
2760,5,"76,276",76,276,0,0
2761,5,"76,268",76,268,0,0
2762,5,"76,260",76,260,0,0
2763,5,"76,252",76,252,0,0
2764,5,"76,244",76,244,0,0
2765,5,"76,236",76,236,0,0
2766,5,"76,228",76,228,0,0
2767,5,"76,220",76,220,0,0
2768,5,"76,212",76,212,0,0
2769,5,"76,204",76,204,0,0
2770,5,"76,196",76,196,0,0
2771,5,"76,188",76,188,0,0
2772,5,"76,180",76,180,0,0
2773,5,"76,172",76,172,0,0
2774,5,"76,164",76,164,0,0
2775,5,"76,156",76,156,0,0
2776,5,"76,148",76,148,0,0
2777,5,"76,140",76,140,0,0
2778,5,"76,132",76,132,0,0
2779,5,"76,124",76,124,0,0
2780,5,"76,116",76,116,0,0
2781,5,"76,108",76,108,0,0
2782,5,"76,100",76,100,0,0
2783,5,"76,92",76,92,0,0
2784,5,"76,84",76,84,0,0
2785,5,"76,76",76,76,0,0
2786,5,"76,68",76,68,0,0
2787,5,"76,60",76,60,0,0
2788,5,"76,52",76,52,0,0
2789,5,"76,44",76,44,0,0
2790,5,"76,36",76,36,0,0
2791,5,"84,36",84,36,0,0
2792,5,"84,44",84,44,0,0
2793,5,"84,52",84,52,0,0
2794,5,"84,60",84,60,0,0
2795,5,"84,68",84,68,0,0
2796,5,"84,76",84,76,0,0
2797,5,"84,84",84,84,0,0
2798,5,"84,92",84,92,0,0
2799,5,"84,100",84,100,0,0
2800,5,"84,108",84,108,0,0
2801,5,"84,116",84,116,0,0
2802,5,"84,124",84,124,0,0
2803,5,"84,132",84,132,0,0
2804,5,"84,140",84,140,0,0
2805,5,"84,148",84,148,0,0
2806,5,"84,156",84,156,0,0
2807,5,"84,164",84,164,0,0
2808,5,"84,172",84,172,0,0
2809,5,"84,180",84,180,0,0
2810,5,"84,188",84,188,0,0
2811,5,"84,196",84,196,0,0
2812,5,"84,204",84,204,0,0
2813,5,"84,212",84,212,0,0
2814,5,"84,220",84,220,0,0
2815,5,"84,228",84,228,0,0
2816,5,"84,236",84,236,0,0
2817,5,"84,244",84,244,0,0
2818,5,"84,252",84,252,0,0
2819,5,"84,260",84,260,0,0
2820,5,"84,268",84,268,0,0
2821,5,"84,276",84,276,0,0
2822,5,"92,276",92,276,0,0
2823,5,"92,268",92,268,0,0
2824,5,"92,260",92,260,0,0
2825,5,"92,252",92,252,0,0
2826,5,"92,244",92,244,0,0
2827,5,"92,236",92,236,0,0
2828,5,"92,228",92,228,0,0
2829,5,"92,220",92,220,0,0
2830,5,"92,212",92,212,0,0
2831,5,"92,204",92,204,0,0
2832,5,"92,196",92,196,0,0
2833,5,"92,188",92,188,0,0
2834,5,"92,180",92,180,0,0
2835,5,"92,172",92,172,0,0
2836,5,"92,164",92,164,0,0
2837,5,"92,156",92,156,0,0
2838,5,"92,148",92,148,0,0
2839,5,"92,140",92,140,0,0
2840,5,"92,132",92,132,0,0
2841,5,"92,124",92,124,0,0
2842,5,"92,116",92,116,0,0
2843,5,"92,108",92,108,0,0
2844,5,"92,100",92,100,0,0
2845,5,"92,92",92,92,0,0
2846,5,"92,84",92,84,0,0
2847,5,"92,76",92,76,0,0
2848,5,"92,68",92,68,0,0
2849,5,"92,60",92,60,0,0
2850,5,"92,52",92,52,0,0
2851,5,"92,44",92,44,0,0
2852,5,"92,36",92,36,0,0
2853,5,"100,36",100,36,0,0
2854,5,"100,44",100,44,0,0
2855,5,"100,52",100,52,0,0
2856,5,"100,60",100,60,0,0
2857,5,"100,68",100,68,0,0
2858,5,"100,76",100,76,0,0
2859,5,"100,84",100,84,0,0
2860,5,"100,92",100,92,0,0
2861,5,"100,100",100,100,0,0
2862,5,"100,108",100,108,0,0
2863,5,"100,116",100,116,0,0
2864,5,"100,124",100,124,0,0
2865,5,"100,132",100,132,0,0
2866,5,"100,140",100,140,0,0
2867,5,"100,148",100,148,0,0
2868,5,"100,156",100,156,0,0
2869,5,"100,164",100,164,0,0
2870,5,"100,172",100,172,0,0
2871,5,"100,180",100,180,0,0
2872,5,"100,188",100,188,0,0
2873,5,"100,196",100,196,0,0
2874,5,"100,204",100,204,0,0
2875,5,"100,212",100,212,0,0
2876,5,"100,220",100,220,0,0
2877,5,"100,228",100,228,0,0
2878,5,"100,236",100,236,0,0
2879,5,"100,244",100,244,0,0
2880,5,"100,252",100,252,0,0
2881,5,"100,260",100,260,0,0
2882,5,"100,268",100,268,0,0
2883,5,"100,276",100,276,0,0
2884,5,"108,276",108,276,0,0
2885,5,"108,268",108,268,0,0
2886,5,"108,260",108,260,0,0
2887,5,"108,252",108,252,0,0
2888,5,"108,244",108,244,0,0
2889,5,"108,236",108,236,0,0
2890,5,"108,228",108,228,0,0
2891,5,"108,220",108,220,0,0
2892,5,"108,212",108,212,0,0
2893,5,"108,204",108,204,0,0
2894,5,"108,196",108,196,0,0
2895,5,"108,188",108,188,0,0
2896,5,"108,180",108,180,0,0
2897,5,"108,172",108,172,0,0
2898,5,"108,164",108,164,0,0
2899,5,"108,156",108,156,0,0
2900,5,"108,148",108,148,0,0
2901,5,"108,140",108,140,0,0
2902,5,"108,132",108,132,0,0
2903,5,"108,124",108,124,0,0
2904,5,"108,116",108,116,0,0
2905,5,"108,108",108,108,0,0
2906,5,"108,100",108,100,0,0
2907,5,"108,92",108,92,0,0
2908,5,"108,84",108,84,0,0
2909,5,"108,76",108,76,0,0
2910,5,"108,68",108,68,0,0
2911,5,"108,60",108,60,0,0
2912,5,"108,52",108,52,0,0
2913,5,"108,44",108,44,0,0
2914,5,"108,36",108,36,0,0
2915,5,"116,36",116,36,0,0
2916,5,"116,44",116,44,0,0
2917,5,"116,52",116,52,0,0
2918,5,"116,60",116,60,0,0
2919,5,"116,68",116,68,0,0
2920,5,"116,76",116,76,0,0
2921,5,"116,84",116,84,0,0
2922,5,"116,92",116,92,0,0
2923,5,"116,100",116,100,0,0
2924,5,"116,108",116,108,0,0
2925,5,"116,116",116,116,0,0
2926,5,"116,124",116,124,0,0
2927,5,"116,132",116,132,0,0
2928,5,"116,140",116,140,0,0
2929,5,"116,148",116,148,0,0
2930,5,"116,156",116,156,0,0
2931,5,"116,164",116,164,0,0
2932,5,"116,172",116,172,0,0
2933,5,"116,180",116,180,0,0
2934,5,"116,188",116,188,0,0
2935,5,"116,196",116,196,0,0
2936,5,"116,204",116,204,0,0
2937,5,"116,212",116,212,0,0
2938,5,"116,220",116,220,0,0
2939,5,"116,228",116,228,0,0
2940,5,"116,236",116,236,0,0
2941,5,"116,244",116,244,0,0
2942,5,"116,252",116,252,0,0
2943,5,"116,260",116,260,0,0
2944,5,"116,268",116,268,0,0
2945,5,"116,276",116,276,0,0
2946,5,"124,276",124,276,0,0
2947,5,"124,268",124,268,0,0
2948,5,"124,260",124,260,0,0
2949,5,"124,252",124,252,0,0
2950,5,"124,244",124,244,0,0
2951,5,"124,236",124,236,0,0
2952,5,"124,228",124,228,0,0
2953,5,"124,220",124,220,0,0
2954,5,"124,212",124,212,0,0
2955,5,"124,204",124,204,0,0
2956,5,"124,196",124,196,0,0
2957,5,"124,188",124,188,0,0
2958,5,"124,180",124,180,0,0
2959,5,"124,172",124,172,0,0
2960,5,"124,164",124,164,0,0
2961,5,"124,156",124,156,0,0
2962,5,"124,148",124,148,0,0
2963,5,"124,140",124,140,0,0
2964,5,"124,132",124,132,0,0
2965,5,"124,124",124,124,0,0
2966,5,"124,116",124,116,0,0
2967,5,"124,108",124,108,0,0
2968,5,"124,100",124,100,0,0
2969,5,"124,92",124,92,0,0
2970,5,"124,84",124,84,0,0
2971,5,"124,76",124,76,0,0
2972,5,"124,68",124,68,0,0
2973,5,"124,60",124,60,0,0
2974,5,"124,52",124,52,0,0
2975,5,"124,44",124,44,0,0
2976,5,"124,36",124,36,0,0
2977,5,"124,28",124,28,0,0
2978,5,"116,20",116,20,0,0
2979,5,"108,28",108,28,0,0
2980,5,"100,20",100,20,0,0
2981,5,"92,28",92,28,0,0
2982,5,"84,20",84,20,0,0
2983,5,"76,28",76,28,0,0
2984,5,"68,20",68,20,0,0
2985,5,"60,28",60,28,0,0
2986,5,"52,20",52,20,0,0
2987,5,"44,28",44,28,0,0
2988,5,"36,20",36,20,0,0
2989,5,"28,28",28,28,0,0
2990,5,"20,20",20,20,0,0
2991,5,"12,28",12,28,0,0
2992,5,"4,20",4,20,0,0
2993,5,"4,4",4,4,0,0
2994,5,"12,12",12,12,0,0
2995,5,"20,4",20,4,0,0
2996,5,"28,12",28,12,0,0
2997,5,"36,4",36,4,0,0
2998,5,"44,12",44,12,0,0
2999,5,"52,4",52,4,0,0
3000,5,"60,12",60,12,0,0
3001,5,"68,4",68,4,0,0
3002,5,"76,12",76,12,0,0
3003,5,"84,4",84,4,0,0
3004,5,"92,12",92,12,0,0
3005,5,"100,4",100,4,0,0
3006,5,"108,12",108,12,0,0
3007,5,"116,4",116,4,0,0
3008,5,"124,12",124,12,0,0
3009,5,"124,-4",124,-4,0,0
3010,5,"116,-12",116,-12,0,0
3011,5,"108,-4",108,-4,0,0
3012,5,"100,-12",100,-12,0,0
3013,5,"92,-4",92,-4,0,0
3014,5,"84,-12",84,-12,0,0
3015,5,"76,-4",76,-4,0,0
3016,5,"68,-12",68,-12,0,0
3017,5,"60,-4",60,-4,0,0
3018,5,"52,-12",52,-12,0,0
3019,5,"44,-4",44,-4,0,0
3020,5,"36,-12",36,-12,0,0
3021,5,"28,-4",28,-4,0,0
3022,5,"20,-12",20,-12,0,0
3023,5,"12,-4",12,-4,0,0
3024,5,"4,-12",4,-12,0,0
3025,6,"73,48",73,48,0,0
3026,6,"70,51",70,51,0,0
3027,6,"67,46",67,46,0,0
3028,6,"64,49",64,49,0,0
3029,6,"61,44",61,44,0,0
3030,6,"58,47",58,47,0,0
3031,6,"55,42",55,42,0,0
3032,6,"52,45",52,45,0,0
3033,6,"49,40",49,40,0,0
3034,6,"46,43",46,43,0,0
3035,6,"43,38",43,38,0,0
3036,6,"40,41",40,41,0,0
3037,6,"37,36",37,36,0,0
3038,6,"34,39",34,39,0,0
3039,6,"31,34",31,34,0,0
3040,6,"28,37",28,37,0,0
3041,6,"25,32",25,32,0,0
3042,6,"22,35",22,35,0,0
3043,6,"19,30",19,30,0,0
3044,6,"16,33",16,33,0,0
3045,6,"13,28",13,28,0,0
3046,6,"7,26",7,26,0,0
3047,6,"10,32",10,32,0,0
3048,6,"10,40",10,40,0,0
3049,6,"13,44",13,44,0,0
3050,6,"10,48",10,48,0,0
3051,6,"7,52",7,52,0,0
3052,6,"10,56",10,56,0,0
3053,6,"13,60",13,60,0,0
3054,6,"10,64",10,64,0,0
3055,6,"7,68",7,68,0,0
3056,6,"10,72",10,72,0,0
3057,6,"13,76",13,76,0,0
3058,6,"10,80",10,80,0,0
3059,6,"7,84",7,84,0,0
3060,6,"10,88",10,88,0,0
3061,6,"13,92",13,92,0,0
3062,6,"10,96",10,96,0,0
3063,6,"7,100",7,100,0,0
3064,6,"10,104",10,104,0,0
3065,6,"13,108",13,108,0,0
3066,6,"10,112",10,112,0,0
3067,6,"7,116",7,116,0,0
3068,6,"10,120",10,120,0,0
3069,6,"13,124",13,124,0,0
3070,6,"10,128",10,128,0,0
3071,6,"7,132",7,132,0,0
3072,6,"10,136",10,136,0,0
3073,6,"13,140",13,140,0,0
3074,6,"10,144",10,144,0,0
3075,6,"7,148",7,148,0,0
3076,6,"10,152",10,152,0,0
3077,6,"13,156",13,156,0,0
3078,6,"10,160",10,160,0,0
3079,6,"10,168",10,168,0,0
3080,6,"10,176",10,176,0,0
3081,6,"16,178",16,178,0,0
3082,6,"16,170",16,170,0,0
3083,6,"16,162",16,162,0,0
3084,6,"16,154",16,154,0,0
3085,6,"19,150",19,150,0,0
3086,6,"16,146",16,146,0,0
3087,6,"16,138",16,138,0,0
3088,6,"19,134",19,134,0,0
3089,6,"16,130",16,130,0,0
3090,6,"16,122",16,122,0,0
3091,6,"19,118",19,118,0,0
3092,6,"16,114",16,114,0,0
3093,6,"16,106",16,106,0,0
3094,6,"19,102",19,102,0,0
3095,6,"16,98",16,98,0,0
3096,6,"16,90",16,90,0,0
3097,6,"19,86",19,86,0,0
3098,6,"16,82",16,82,0,0
3099,6,"16,74",16,74,0,0
3100,6,"19,70",19,70,0,0
3101,6,"16,66",16,66,0,0
3102,6,"16,58",16,58,0,0
3103,6,"19,54",19,54,0,0
3104,6,"16,50",16,50,0,0
3105,6,"16,42",16,42,0,0
3106,6,"22,44",22,44,0,0
3107,6,"25,48",25,48,0,0
3108,6,"22,52",22,52,0,0
3109,6,"22,60",22,60,0,0
3110,6,"25,64",25,64,0,0
3111,6,"22,68",22,68,0,0
3112,6,"22,76",22,76,0,0
3113,6,"25,80",25,80,0,0
3114,6,"22,84",22,84,0,0
3115,6,"22,92",22,92,0,0
3116,6,"25,96",25,96,0,0
3117,6,"22,100",22,100,0,0
3118,6,"22,108",22,108,0,0
3119,6,"25,112",25,112,0,0
3120,6,"22,116",22,116,0,0
3121,6,"22,124",22,124,0,0
3122,6,"25,128",25,128,0,0
3123,6,"22,132",22,132,0,0
3124,6,"22,140",22,140,0,0
3125,6,"25,144",25,144,0,0
3126,6,"22,148",22,148,0,0
3127,6,"22,156",22,156,0,0
3128,6,"25,160",25,160,0,0
3129,6,"22,164",22,164,0,0
3130,6,"22,172",22,172,0,0
3131,6,"22,180",22,180,0,0
3132,6,"28,182",28,182,0,0
3133,6,"28,174",28,174,0,0
3134,6,"28,166",28,166,0,0
3135,6,"28,158",28,158,0,0
3136,6,"31,154",31,154,0,0
3137,6,"28,150",28,150,0,0
3138,6,"28,142",28,142,0,0
3139,6,"31,138",31,138,0,0
3140,6,"28,134",28,134,0,0
3141,6,"28,126",28,126,0,0
3142,6,"31,122",31,122,0,0
3143,6,"28,118",28,118,0,0
3144,6,"28,110",28,110,0,0
3145,6,"31,106",31,106,0,0
3146,6,"28,102",28,102,0,0
3147,6,"28,94",28,94,0,0
3148,6,"31,90",31,90,0,0
3149,6,"28,86",28,86,0,0
3150,6,"28,78",28,78,0,0
3151,6,"31,74",31,74,0,0
3152,6,"28,70",28,70,0,0
3153,6,"28,62",28,62,0,0
3154,6,"31,58",31,58,0,0
3155,6,"28,54",28,54,0,0
3156,6,"28,46",28,46,0,0
3157,6,"34,48",34,48,0,0
3158,6,"37,52",37,52,0,0
3159,6,"34,56",34,56,0,0
3160,6,"34,64",34,64,0,0
3161,6,"37,68",37,68,0,0
3162,6,"34,72",34,72,0,0
3163,6,"34,80",34,80,0,0
3164,6,"37,84",37,84,0,0
3165,6,"34,88",34,88,0,0
3166,6,"34,96",34,96,0,0
3167,6,"37,100",37,100,0,0
3168,6,"34,104",34,104,0,0
3169,6,"34,112",34,112,0,0
3170,6,"37,116",37,116,0,0
3171,6,"34,120",34,120,0,0
3172,6,"34,128",34,128,0,0
3173,6,"37,132",37,132,0,0
3174,6,"34,136",34,136,0,0
3175,6,"34,144",34,144,0,0
3176,6,"37,148",37,148,0,0
3177,6,"34,152",34,152,0,0
3178,6,"34,160",34,160,0,0
3179,6,"37,164",37,164,0,0
3180,6,"34,168",34,168,0,0
3181,6,"34,176",34,176,0,0
3182,6,"34,184",34,184,0,0
3183,6,"40,186",40,186,0,0
3184,6,"40,178",40,178,0,0
3185,6,"40,170",40,170,0,0
3186,6,"40,162",40,162,0,0
3187,6,"43,158",43,158,0,0
3188,6,"40,154",40,154,0,0
3189,6,"40,146",40,146,0,0
3190,6,"43,142",43,142,0,0
3191,6,"40,138",40,138,0,0
3192,6,"40,130",40,130,0,0
3193,6,"43,126",43,126,0,0
3194,6,"40,122",40,122,0,0
3195,6,"40,114",40,114,0,0
3196,6,"43,110",43,110,0,0
3197,6,"40,106",40,106,0,0
3198,6,"40,98",40,98,0,0
3199,6,"43,94",43,94,0,0
3200,6,"40,90",40,90,0,0
3201,6,"40,82",40,82,0,0
3202,6,"43,78",43,78,0,0
3203,6,"40,74",40,74,0,0
3204,6,"40,66",40,66,0,0
3205,6,"43,62",43,62,0,0
3206,6,"40,58",40,58,0,0
3207,6,"40,50",40,50,0,0
3208,6,"46,52",46,52,0,0
3209,6,"49,56",49,56,0,0
3210,6,"46,60",46,60,0,0
3211,6,"46,68",46,68,0,0
3212,6,"49,72",49,72,0,0
3213,6,"46,76",46,76,0,0
3214,6,"46,84",46,84,0,0
3215,6,"49,88",49,88,0,0
3216,6,"46,92",46,92,0,0
3217,6,"46,100",46,100,0,0
3218,6,"49,104",49,104,0,0
3219,6,"46,108",46,108,0,0
3220,6,"46,116",46,116,0,0
3221,6,"49,120",49,120,0,0
3222,6,"46,124",46,124,0,0
3223,6,"46,132",46,132,0,0
3224,6,"49,136",49,136,0,0
3225,6,"46,140",46,140,0,0
3226,6,"46,148",46,148,0,0
3227,6,"49,152",49,152,0,0
3228,6,"46,156",46,156,0,0
3229,6,"46,164",46,164,0,0
3230,6,"49,168",49,168,0,0
3231,6,"46,172",46,172,0,0
3232,6,"46,180",46,180,0,0
3233,6,"46,188",46,188,0,0
3234,6,"52,190",52,190,0,0
3235,6,"52,182",52,182,0,0
3236,6,"52,174",52,174,0,0
3237,6,"52,166",52,166,0,0
3238,6,"55,162",55,162,0,0
3239,6,"52,158",52,158,0,0
3240,6,"52,150",52,150,0,0
3241,6,"55,146",55,146,0,0
3242,6,"52,142",52,142,0,0
3243,6,"52,134",52,134,0,0
3244,6,"55,130",55,130,0,0
3245,6,"52,126",52,126,0,0
3246,6,"52,118",52,118,0,0
3247,6,"55,114",55,114,0,0
3248,6,"52,110",52,110,0,0
3249,6,"52,102",52,102,0,0
3250,6,"55,98",55,98,0,0
3251,6,"52,94",52,94,0,0
3252,6,"52,86",52,86,0,0
3253,6,"55,82",55,82,0,0
3254,6,"52,78",52,78,0,0
3255,6,"52,70",52,70,0,0
3256,6,"55,66",55,66,0,0
3257,6,"52,62",52,62,0,0
3258,6,"52,54",52,54,0,0
3259,6,"58,56",58,56,0,0
3260,6,"61,60",61,60,0,0
3261,6,"58,64",58,64,0,0
3262,6,"58,72",58,72,0,0
3263,6,"61,76",61,76,0,0
3264,6,"58,80",58,80,0,0
3265,6,"58,88",58,88,0,0
3266,6,"61,92",61,92,0,0
3267,6,"58,96",58,96,0,0
3268,6,"58,104",58,104,0,0
3269,6,"61,108",61,108,0,0
3270,6,"58,112",58,112,0,0
3271,6,"58,120",58,120,0,0
3272,6,"61,124",61,124,0,0
3273,6,"58,128",58,128,0,0
3274,6,"58,136",58,136,0,0
3275,6,"61,140",61,140,0,0
3276,6,"58,144",58,144,0,0
3277,6,"58,152",58,152,0,0
3278,6,"61,156",61,156,0,0
3279,6,"58,160",58,160,0,0
3280,6,"58,168",58,168,0,0
3281,6,"61,172",61,172,0,0
3282,6,"58,176",58,176,0,0
3283,6,"58,184",58,184,0,0
3284,6,"58,192",58,192,0,0
3285,6,"64,194",64,194,0,0
3286,6,"64,186",64,186,0,0
3287,6,"64,178",64,178,0,0
3288,6,"64,170",64,170,0,0
3289,6,"67,166",67,166,0,0
3290,6,"64,162",64,162,0,0
3291,6,"64,154",64,154,0,0
3292,6,"67,150",67,150,0,0
3293,6,"64,146",64,146,0,0
3294,6,"64,138",64,138,0,0
3295,6,"67,134",67,134,0,0
3296,6,"64,130",64,130,0,0
3297,6,"64,122",64,122,0,0
3298,6,"67,118",67,118,0,0
3299,6,"64,114",64,114,0,0
3300,6,"64,106",64,106,0,0
3301,6,"67,102",67,102,0,0
3302,6,"64,98",64,98,0,0
3303,6,"64,90",64,90,0,0
3304,6,"67,86",67,86,0,0
3305,6,"64,82",64,82,0,0
3306,6,"64,74",64,74,0,0
3307,6,"67,70",67,70,0,0
3308,6,"64,66",64,66,0,0
3309,6,"64,58",64,58,0,0
3310,6,"70,60",70,60,0,0
3311,6,"73,64",73,64,0,0
3312,6,"70,68",70,68,0,0
3313,6,"70,76",70,76,0,0
3314,6,"73,80",73,80,0,0
3315,6,"70,84",70,84,0,0
3316,6,"70,92",70,92,0,0
3317,6,"73,96",73,96,0,0
3318,6,"70,100",70,100,0,0
3319,6,"70,108",70,108,0,0
3320,6,"73,112",73,112,0,0
3321,6,"70,116",70,116,0,0
3322,6,"70,124",70,124,0,0
3323,6,"73,128",73,128,0,0
3324,6,"70,132",70,132,0,0
3325,6,"70,140",70,140,0,0
3326,6,"73,144",73,144,0,0
3327,6,"70,148",70,148,0,0
3328,6,"70,156",70,156,0,0
3329,6,"73,160",73,160,0,0
3330,6,"70,164",70,164,0,0
3331,6,"70,172",70,172,0,0
3332,6,"73,176",73,176,0,0
3333,6,"70,180",70,180,0,0
3334,6,"70,188",70,188,0,0
3335,6,"70,196",70,196,0,0
3336,6,"82,50",82,50,0,0
3337,6,"81,60",81,60,0,0
3338,6,"80,70",80,70,0,0
3339,6,"82,79",82,79,0,0
3340,6,"81,88",81,88,0,0
3341,6,"82,99",82,99,0,0
3342,6,"81,109",81,109,0,0
3343,6,"83,120",83,120,0,0
3344,6,"82,128",82,128,0,0
3345,6,"83,139",83,139,0,0
3346,6,"82,148",82,148,0,0
3347,6,"83,159",83,159,0,0
3348,6,"82,169",82,169,0,0
3349,6,"84,179",84,179,0,0
3350,6,"83,188",83,188,0,0
3351,6,"82,198",82,198,0,0
3352,6,"83,209",83,209,0,0
3353,6,"77,214",77,214,0,0
3354,6,"74,218",74,218,0,0
3355,6,"69,211",69,211,0,0
3356,6,"65,217",65,217,0,0
3357,6,"64,227",64,227,0,0
3358,6,"62,236",62,236,0,0
3359,6,"62,246",62,246,0,0
3360,6,"58,255",58,255,0,0
3361,6,"56,264",56,264,0,0
3362,6,"54,273",54,273,0,0
3363,6,"55,284",55,284,0,0
3364,6,"188,200",188,200,0,0
3365,6,"185,207",185,207,0,0
3366,6,"186,217",186,217,0,0
3367,6,"180,223",180,223,0,0
3368,6,"179,233",179,233,0,0
3369,6,"176,241",176,241,0,0
3370,6,"173,249",173,249,0,0
3371,6,"172,258",172,258,0,0
3372,6,"165,256",165,256,0,0
3373,6,"165,248",165,248,0,0
3374,6,"167,242",167,242,0,0
3375,6,"168,234",168,234,0,0
3376,6,"170,228",170,228,0,0
3377,6,"171,220",171,220,0,0
3378,6,"175,212",175,212,0,0
3379,6,"178,206",178,206,0,0
3380,6,"176,197",176,197,0,0
3381,6,"178,190",178,190,0,0
3382,6,"184,185",184,185,0,0
3383,6,"182,175",182,175,0,0
3384,6,"189,172",189,172,0,0
3385,6,"187,163",187,163,0,0
3386,6,"188,154",188,154,0,0
3387,6,"187,145",187,145,0,0
3388,6,"190,138",190,138,0,0
3389,6,"190,130",190,130,0,0
3390,6,"191,122",191,122,0,0
3391,6,"192,112",192,112,0,0
3392,6,"191,101",191,101,0,0
3393,6,"192,94",192,94,0,0
3394,6,"190,86",190,86,0,0
3395,6,"191,77",191,77,0,0
3396,6,"189,66",189,66,0,0
3397,6,"190,58",190,58,0,0
3398,6,"189,49",189,49,0,0
3399,6,"190,42",190,42,0,0
3400,6,"189,32",189,32,0,0
3401,6,"189,22",189,22,0,0
3402,6,"188,12",188,12,0,0
3403,6,"179,14",179,14,0,0
3404,6,"177,22",177,22,0,0
3405,6,"178,33",178,33,0,0
3406,6,"176,44",176,44,0,0
3407,6,"175,54",175,54,0,0
3408,6,"179,59",179,59,0,0
3409,6,"177,70",177,70,0,0
3410,6,"180,79",180,79,0,0
3411,6,"180,89",180,89,0,0
3412,6,"182,99",182,99,0,0
3413,6,"177,108",177,108,0,0
3414,6,"182,113",182,113,0,0
3415,6,"175,116",175,116,0,0
3416,6,"171,110",171,110,0,0
3417,6,"172,99",172,99,0,0
3418,6,"170,89",170,89,0,0
3419,6,"166,82",166,82,0,0
3420,6,"161,74",161,74,0,0
3421,6,"162,64",162,64,0,0
3422,6,"167,53",167,53,0,0
3423,6,"168,42",168,42,0,0
3424,6,"161,37",161,37,0,0
3425,6,"165,26",165,26,0,0
3426,6,"167,18",167,18,0,0
3427,6,"158,19",158,19,0,0
3428,6,"154,25",154,25,0,0
3429,6,"146,27",146,27,0,0
3430,6,"149,36",149,36,0,0
3431,6,"147,47",147,47,0,0
3432,6,"151,55",151,55,0,0
3433,6,"150,65",150,65,0,0
3434,6,"151,74",151,74,0,0
3435,6,"152,83",152,83,0,0
3436,6,"160,83",160,83,0,0
3437,6,"161,89",161,89,0,0
3438,6,"164,96",164,96,0,0
3439,6,"163,106",163,106,0,0
3440,6,"164,114",164,114,0,0
3441,6,"167,121",167,121,0,0
3442,6,"165,130",165,130,0,0
3443,6,"173,127",173,127,0,0
3444,6,"180,120",180,120,0,0
3445,6,"182,127",182,127,0,0
3446,6,"178,136",178,136,0,0
3447,6,"180,141",180,141,0,0
3448,6,"178,147",178,147,0,0
3449,6,"175,157",175,157,0,0
3450,6,"171,167",171,167,0,0
3451,6,"172,175",172,175,0,0
3452,6,"168,184",168,184,0,0
3453,6,"169,190",169,190,0,0
3454,6,"167,197",167,197,0,0
3455,6,"166,206",166,206,0,0
3456,6,"160,214",160,214,0,0
3457,6,"161,220",161,220,0,0
3458,6,"159,228",159,228,0,0
3459,6,"159,233",159,233,0,0
3460,6,"155,240",155,240,0,0
3461,6,"157,247",157,247,0,0
3462,6,"156,256",156,256,0,0
3463,6,"149,260",149,260,0,0
3464,6,"148,251",148,251,0,0
3465,6,"149,243",149,243,0,0
3466,6,"148,237",148,237,0,0
3467,6,"151,227",151,227,0,0
3468,6,"148,222",148,222,0,0
3469,6,"151,213",151,213,0,0
3470,6,"156,204",156,204,0,0
3471,6,"153,200",153,200,0,0
3472,6,"157,190",157,190,0,0
3473,6,"162,179",162,179,0,0
3474,6,"163,171",163,171,0,0
3475,6,"165,161",165,161,0,0
3476,6,"164,155",164,155,0,0
3477,6,"165,147",165,147,0,0
3478,6,"163,142",163,142,0,0
3479,6,"158,140",158,140,0,0
3480,6,"156,134",156,134,0,0
3481,6,"158,125",158,125,0,0
3482,6,"154,119",154,119,0,0
3483,6,"155,110",155,110,0,0
3484,6,"152,104",152,104,0,0
3485,6,"148,96",148,96,0,0
3486,6,"146,86",146,86,0,0
3487,6,"143,76",143,76,0,0
3488,6,"141,68",141,68,0,0
3489,6,"143,58",143,58,0,0
3490,6,"139,52",139,52,0,0
3491,6,"139,42",139,42,0,0
3492,6,"135,36",135,36,0,0
3493,6,"128,41",128,41,0,0
3494,6,"130,50",130,50,0,0
3495,6,"130,61",130,61,0,0
3496,6,"134,66",134,66,0,0
3497,6,"133,75",133,75,0,0
3498,6,"138,81",138,81,0,0
3499,6,"136,91",136,91,0,0
3500,6,"134,101",134,101,0,0
3501,6,"136,110",136,110,0,0
3502,6,"144,113",144,113,0,0
3503,6,"145,122",145,122,0,0
3504,6,"150,129",150,129,0,0
3505,6,"148,140",148,140,0,0
3506,6,"149,147",149,147,0,0
3507,6,"150,156",150,156,0,0
3508,6,"152,162",152,162,0,0
3509,6,"152,169",152,169,0,0
3510,6,"152,175",152,175,0,0
3511,6,"148,183",148,183,0,0
3512,6,"148,188",148,188,0,0
3513,6,"147,197",147,197,0,0
3514,6,"146,206",146,206,0,0
3515,6,"143,213",143,213,0,0
3516,6,"140,224",140,224,0,0
3517,6,"137,233",137,233,0,0
3518,6,"140,239",140,239,0,0
3519,6,"142,246",142,246,0,0
3520,6,"140,256",140,256,0,0
3521,6,"136,267",136,267,0,0
3522,6,"130,269",130,269,0,0
3523,6,"132,260",132,260,0,0
3524,6,"133,250",133,250,0,0
3525,6,"132,245",132,245,0,0
3526,6,"130,238",130,238,0,0
3527,6,"128,232",128,232,0,0
3528,6,"135,225",135,225,0,0
3529,6,"137,216",137,216,0,0
3530,6,"135,212",135,212,0,0
3531,6,"137,202",137,202,0,0
3532,6,"138,196",138,196,0,0
3533,6,"140,187",140,187,0,0
3534,6,"139,181",139,181,0,0
3535,6,"142,173",142,173,0,0
3536,6,"140,169",140,169,0,0
3537,6,"134,169",134,169,0,0
3538,6,"132,164",132,164,0,0
3539,6,"134,154",134,154,0,0
3540,6,"133,146",133,146,0,0
3541,6,"135,136",135,136,0,0
3542,6,"131,130",131,130,0,0
3543,6,"135,124",135,124,0,0
3544,6,"133,116",133,116,0,0
3545,6,"129,108",129,108,0,0
3546,6,"128,100",128,100,0,0
3547,6,"129,89",129,89,0,0
3548,6,"127,81",127,81,0,0
3549,6,"122,78",122,78,0,0
3550,6,"118,71",118,71,0,0
3551,6,"123,64",123,64,0,0
3552,6,"119,57",119,57,0,0
3553,6,"120,48",120,48,0,0
3554,6,"120,40",120,40,0,0
3555,6,"113,41",113,41,0,0
3556,6,"108,48",108,48,0,0
3557,6,"113,55",113,55,0,0
3558,6,"111,65",111,65,0,0
3559,6,"109,74",109,74,0,0
3560,6,"112,81",112,81,0,0
3561,6,"117,87",117,87,0,0
3562,6,"117,97",117,97,0,0
3563,6,"118,104",118,104,0,0
3564,6,"121,111",121,111,0,0
3565,6,"123,120",123,120,0,0
3566,6,"119,130",119,130,0,0
3567,6,"125,134",125,134,0,0
3568,6,"126,142",126,142,0,0
3569,6,"121,151",121,151,0,0
3570,6,"123,160",123,160,0,0
3571,6,"124,168",124,168,0,0
3572,6,"119,176",119,176,0,0
3573,6,"122,180",122,180,0,0
3574,6,"129,179",129,179,0,0
3575,6,"131,184",131,184,0,0
3576,6,"129,192",129,192,0,0
3577,6,"130,199",130,199,0,0
3578,6,"127,207",127,207,0,0
3579,6,"129,212",129,212,0,0
3580,6,"129,221",129,221,0,0
3581,6,"123,231",123,231,0,0
3582,6,"123,239",123,239,0,0
3583,6,"124,247",124,247,0,0
3584,6,"125,253",125,253,0,0
3585,6,"124,263",124,263,0,0
3586,6,"124,272",124,272,0,0
3587,6,"118,278",118,278,0,0
3588,6,"119,271",119,271,0,0
3589,6,"117,265",117,265,0,0
3590,6,"119,255",119,255,0,0
3591,6,"118,247",118,247,0,0
3592,6,"116,240",116,240,0,0
3593,6,"118,231",118,231,0,0
3594,6,"116,226",116,226,0,0
3595,6,"121,215",121,215,0,0
3596,6,"119,210",119,210,0,0
3597,6,"123,202",123,202,0,0
3598,6,"122,194",122,194,0,0
3599,6,"119,190",119,190,0,0
3600,6,"115,187",115,187,0,0
3601,6,"112,182",112,182,0,0
3602,6,"110,175",110,175,0,0
3603,6,"116,165",116,165,0,0
3604,6,"115,158",115,158,0,0
3605,6,"108,156",108,156,0,0
3606,6,"109,148",109,148,0,0
3607,6,"112,139",112,139,0,0
3608,6,"111,132",111,132,0,0
3609,6,"115,121",115,121,0,0
3610,6,"112,111",112,111,0,0
3611,6,"103,42",103,42,0,0
3612,6,"101,48",101,48,0,0
3613,6,"100,57",100,57,0,0
3614,6,"103,67",103,67,0,0
3615,6,"100,77",100,77,0,0
3616,6,"101,84",101,84,0,0
3617,6,"104,89",104,89,0,0
3618,6,"105,96",105,96,0,0
3619,6,"106,104",106,104,0,0
3620,6,"102,113",102,113,0,0
3621,6,"103,120",103,120,0,0
3622,6,"106,128",106,128,0,0
3623,6,"102,138",102,138,0,0
3624,6,"103,147",103,147,0,0
3625,6,"100,157",100,157,0,0
3626,6,"103,163",103,163,0,0
3627,6,"99,172",99,172,0,0
3628,6,"97,180",97,180,0,0
3629,6,"104,188",104,188,0,0
3630,6,"106,194",106,194,0,0
3631,6,"111,196",111,196,0,0
3632,6,"112,201",112,201,0,0
3633,6,"114,207",114,207,0,0
3634,6,"111,213",111,213,0,0
3635,6,"107,224",107,224,0,0
3636,6,"103,233",103,233,0,0
3637,6,"106,236",106,236,0,0
3638,6,"108,243",108,243,0,0
3639,6,"106,252",106,252,0,0
3640,6,"108,258",108,258,0,0
3641,6,"106,265",106,265,0,0
3642,6,"108,274",108,274,0,0
3643,6,"106,284",106,284,0,0
3644,6,"97,288",97,288,0,0
3645,6,"88,282",88,282,0,0
3646,6,"94,274",94,274,0,0
3647,6,"97,266",97,266,0,0
3648,6,"92,261",92,261,0,0
3649,6,"94,253",94,253,0,0
3650,6,"89,248",89,248,0,0
3651,6,"91,241",91,241,0,0
3652,6,"97,232",97,232,0,0
3653,6,"101,220",101,220,0,0
3654,6,"95,227",95,227,0,0
3655,6,"90,234",90,234,0,0
3656,6,"86,243",86,243,0,0
3657,6,"82,250",82,250,0,0
3658,6,"83,256",83,256,0,0
3659,6,"82,263",82,263,0,0
3660,6,"77,269",77,269,0,0
3661,6,"78,274",78,274,0,0
3662,6,"80,280",80,280,0,0
3663,6,"83,288",83,288,0,0
3664,6,"73,290",73,290,0,0
3665,6,"63,291",63,291,0,0
3666,6,"66,286",66,286,0,0
3667,6,"69,279",69,279,0,0
3668,6,"67,272",67,272,0,0
3669,6,"68,266",68,266,0,0
3670,6,"73,257",73,257,0,0
3671,6,"75,249",75,249,0,0
3672,6,"81,242",81,242,0,0
3673,6,"82,234",82,234,0,0
3674,6,"88,226",88,226,0,0
3675,6,"94,220",94,220,0,0
3676,6,"100,217",100,217,0,0
3677,6,"105,210",105,210,0,0
3678,6,"102,206",102,206,0,0
3679,6,"96,205",96,205,0,0
3680,6,"98,196",98,196,0,0
3681,6,"94,190",94,190,0,0
3682,6,"92,185",92,185,0,0
3683,6,"92,176",92,176,0,0
3684,6,"94,166",94,166,0,0
3685,6,"93,156",93,156,0,0
3686,6,"94,145",94,145,0,0
3687,6,"92,138",92,138,0,0
3688,6,"93,130",93,130,0,0
3689,6,"92,121",92,121,0,0
3690,6,"94,113",94,113,0,0
3691,6,"94,104",94,104,0,0
3692,6,"91,96",91,96,0,0
3693,6,"90,86",90,86,0,0
3694,6,"92,74",92,74,0,0
3695,6,"90,65",90,65,0,0
3696,6,"94,55",94,55,0,0
3697,6,"91,46",91,46,0,0
3698,7,"-40,28",-40,28,0,0
3699,7,"-40,36",-40,36,0,0
3700,7,"-40,44",-40,44,0,0
3701,7,"-40,52",-40,52,0,0
3702,7,"-40,60",-40,60,0,0
3703,7,"-40,68",-40,68,0,0
3704,7,"-40,76",-40,76,0,0
3705,7,"-40,84",-40,84,0,0
3706,7,"-40,92",-40,92,0,0
3707,7,"-40,100",-40,100,0,0
3708,7,"-40,108",-40,108,0,0
3709,7,"-40,116",-40,116,0,0
3710,7,"-40,124",-40,124,0,0
3711,7,"-40,132",-40,132,0,0
3712,7,"-40,140",-40,140,0,0
3713,7,"-36,136",-36,136,0,0
3714,7,"-36,128",-36,128,0,0
3715,7,"-36,120",-36,120,0,0
3716,7,"-36,112",-36,112,0,0
3717,7,"-36,104",-36,104,0,0
3718,7,"-36,96",-36,96,0,0
3719,7,"-36,88",-36,88,0,0
3720,7,"-36,80",-36,80,0,0
3721,7,"-36,72",-36,72,0,0
3722,7,"-36,64",-36,64,0,0
3723,7,"-36,56",-36,56,0,0
3724,7,"-36,48",-36,48,0,0
3725,7,"-36,40",-36,40,0,0
3726,7,"-36,32",-36,32,0,0
3727,7,"-32,28",-32,28,0,0
3728,7,"-32,36",-32,36,0,0
3729,7,"-32,44",-32,44,0,0
3730,7,"-32,52",-32,52,0,0
3731,7,"-32,60",-32,60,0,0
3732,7,"-32,68",-32,68,0,0
3733,7,"-32,76",-32,76,0,0
3734,7,"-32,84",-32,84,0,0
3735,7,"-32,92",-32,92,0,0
3736,7,"-32,100",-32,100,0,0
3737,7,"-32,108",-32,108,0,0
3738,7,"-32,116",-32,116,0,0
3739,7,"-32,124",-32,124,0,0
3740,7,"-32,132",-32,132,0,0
3741,7,"-32,140",-32,140,0,0
3742,7,"-28,136",-28,136,0,0
3743,7,"-28,128",-28,128,0,0
3744,7,"-28,120",-28,120,0,0
3745,7,"-28,112",-28,112,0,0
3746,7,"-28,104",-28,104,0,0
3747,7,"-28,96",-28,96,0,0
3748,7,"-28,88",-28,88,0,0
3749,7,"-28,80",-28,80,0,0
3750,7,"-28,72",-28,72,0,0
3751,7,"-28,64",-28,64,0,0
3752,7,"-28,56",-28,56,0,0
3753,7,"-28,48",-28,48,0,0
3754,7,"-28,40",-28,40,0,0
3755,7,"-28,32",-28,32,0,0
3756,7,"-24,28",-24,28,0,0
3757,7,"-24,36",-24,36,0,0
3758,7,"-24,44",-24,44,0,0
3759,7,"-24,52",-24,52,0,0
3760,7,"-24,60",-24,60,0,0
3761,7,"-24,68",-24,68,0,0
3762,7,"-24,76",-24,76,0,0
3763,7,"-24,84",-24,84,0,0
3764,7,"-24,92",-24,92,0,0
3765,7,"-24,100",-24,100,0,0
3766,7,"-24,108",-24,108,0,0
3767,7,"-24,116",-24,116,0,0
3768,7,"-24,124",-24,124,0,0
3769,7,"-24,132",-24,132,0,0
3770,7,"-24,140",-24,140,0,0
3771,7,"-20,136",-20,136,0,0
3772,7,"-20,128",-20,128,0,0
3773,7,"-20,120",-20,120,0,0
3774,7,"-20,112",-20,112,0,0
3775,7,"-20,104",-20,104,0,0
3776,7,"-20,96",-20,96,0,0
3777,7,"-20,88",-20,88,0,0
3778,7,"-20,80",-20,80,0,0
3779,7,"-20,72",-20,72,0,0
3780,7,"-20,64",-20,64,0,0
3781,7,"-20,56",-20,56,0,0
3782,7,"-20,48",-20,48,0,0
3783,7,"-20,40",-20,40,0,0
3784,7,"-20,32",-20,32,0,0
3785,7,"-16,28",-16,28,0,0
3786,7,"-16,36",-16,36,0,0
3787,7,"-16,44",-16,44,0,0
3788,7,"-16,52",-16,52,0,0
3789,7,"-16,60",-16,60,0,0
3790,7,"-16,68",-16,68,0,0
3791,7,"-16,76",-16,76,0,0
3792,7,"-16,84",-16,84,0,0
3793,7,"-16,92",-16,92,0,0
3794,7,"-16,100",-16,100,0,0
3795,7,"-16,108",-16,108,0,0
3796,7,"-16,116",-16,116,0,0
3797,7,"-16,124",-16,124,0,0
3798,7,"-16,132",-16,132,0,0
3799,7,"-16,140",-16,140,0,0
3800,7,"-12,136",-12,136,0,0
3801,7,"-12,128",-12,128,0,0
3802,7,"-12,120",-12,120,0,0
3803,7,"-12,112",-12,112,0,0
3804,7,"-12,104",-12,104,0,0
3805,7,"-12,96",-12,96,0,0
3806,7,"-12,88",-12,88,0,0
3807,7,"-12,80",-12,80,0,0
3808,7,"-12,72",-12,72,0,0
3809,7,"-12,64",-12,64,0,0
3810,7,"-12,56",-12,56,0,0
3811,7,"-12,48",-12,48,0,0
3812,7,"-12,40",-12,40,0,0
3813,7,"-12,32",-12,32,0,0
3814,7,"-8,28",-8,28,0,0
3815,7,"-8,36",-8,36,0,0
3816,7,"-8,44",-8,44,0,0
3817,7,"-8,52",-8,52,0,0
3818,7,"-8,60",-8,60,0,0
3819,7,"-8,68",-8,68,0,0
3820,7,"-8,76",-8,76,0,0
3821,7,"-8,84",-8,84,0,0
3822,7,"-8,92",-8,92,0,0
3823,7,"-8,100",-8,100,0,0
3824,7,"-8,108",-8,108,0,0
3825,7,"-8,116",-8,116,0,0
3826,7,"-8,124",-8,124,0,0
3827,7,"-8,132",-8,132,0,0
3828,7,"-8,140",-8,140,0,0
3829,7,"-4,136",-4,136,0,0
3830,7,"-4,128",-4,128,0,0
3831,7,"-4,120",-4,120,0,0
3832,7,"-4,112",-4,112,0,0
3833,7,"-4,104",-4,104,0,0
3834,7,"-4,96",-4,96,0,0
3835,7,"-4,88",-4,88,0,0
3836,7,"-4,80",-4,80,0,0
3837,7,"-4,72",-4,72,0,0
3838,7,"-4,64",-4,64,0,0
3839,7,"-4,56",-4,56,0,0
3840,7,"-4,48",-4,48,0,0
3841,7,"-4,40",-4,40,0,0
3842,7,"-4,32",-4,32,0,0
3843,7,"0,28",0,28,0,0
3844,7,"0,36",0,36,0,0
3845,7,"0,44",0,44,0,0
3846,7,"0,52",0,52,0,0
3847,7,"0,60",0,60,0,0
3848,7,"0,68",0,68,0,0
3849,7,"0,76",0,76,0,0
3850,7,"0,84",0,84,0,0
3851,7,"0,92",0,92,0,0
3852,7,"0,100",0,100,0,0
3853,7,"0,108",0,108,0,0
3854,7,"0,116",0,116,0,0
3855,7,"0,124",0,124,0,0
3856,7,"0,132",0,132,0,0
3857,7,"0,140",0,140,0,0
3858,7,"4,136",4,136,0,0
3859,7,"4,128",4,128,0,0
3860,7,"4,120",4,120,0,0
3861,7,"4,112",4,112,0,0
3862,7,"4,104",4,104,0,0
3863,7,"4,96",4,96,0,0
3864,7,"4,88",4,88,0,0
3865,7,"4,80",4,80,0,0
3866,7,"4,72",4,72,0,0
3867,7,"4,64",4,64,0,0
3868,7,"4,56",4,56,0,0
3869,7,"4,48",4,48,0,0
3870,7,"4,40",4,40,0,0
3871,7,"4,32",4,32,0,0
3872,7,"8,28",8,28,0,0
3873,7,"8,36",8,36,0,0
3874,7,"8,44",8,44,0,0
3875,7,"8,52",8,52,0,0
3876,7,"8,60",8,60,0,0
3877,7,"8,68",8,68,0,0
3878,7,"8,76",8,76,0,0
3879,7,"8,84",8,84,0,0
3880,7,"8,92",8,92,0,0
3881,7,"8,100",8,100,0,0
3882,7,"8,108",8,108,0,0
3883,7,"8,116",8,116,0,0
3884,7,"8,124",8,124,0,0
3885,7,"8,132",8,132,0,0
3886,7,"8,140",8,140,0,0
3887,7,"12,136",12,136,0,0
3888,7,"12,128",12,128,0,0
3889,7,"12,120",12,120,0,0
3890,7,"12,112",12,112,0,0
3891,7,"12,104",12,104,0,0
3892,7,"12,96",12,96,0,0
3893,7,"12,88",12,88,0,0
3894,7,"12,80",12,80,0,0
3895,7,"12,72",12,72,0,0
3896,7,"12,64",12,64,0,0
3897,7,"12,56",12,56,0,0
3898,7,"12,48",12,48,0,0
3899,7,"12,40",12,40,0,0
3900,7,"12,32",12,32,0,0
3901,7,"16,28",16,28,0,0
3902,7,"16,36",16,36,0,0
3903,7,"16,44",16,44,0,0
3904,7,"16,52",16,52,0,0
3905,7,"16,60",16,60,0,0
3906,7,"16,68",16,68,0,0
3907,7,"16,76",16,76,0,0
3908,7,"16,84",16,84,0,0
3909,7,"16,92",16,92,0,0
3910,7,"16,100",16,100,0,0
3911,7,"16,108",16,108,0,0
3912,7,"16,116",16,116,0,0
3913,7,"16,124",16,124,0,0
3914,7,"16,132",16,132,0,0
3915,7,"16,140",16,140,0,0
3916,7,"20,136",20,136,0,0
3917,7,"20,128",20,128,0,0
3918,7,"20,120",20,120,0,0
3919,7,"20,112",20,112,0,0
3920,7,"20,104",20,104,0,0
3921,7,"20,96",20,96,0,0
3922,7,"20,88",20,88,0,0
3923,7,"20,80",20,80,0,0
3924,7,"20,72",20,72,0,0
3925,7,"20,64",20,64,0,0
3926,7,"20,56",20,56,0,0
3927,7,"20,48",20,48,0,0
3928,7,"20,40",20,40,0,0
3929,7,"20,32",20,32,0,0
3930,7,"24,28",24,28,0,0
3931,7,"24,36",24,36,0,0
3932,7,"24,44",24,44,0,0
3933,7,"24,52",24,52,0,0
3934,7,"24,60",24,60,0,0
3935,7,"24,68",24,68,0,0
3936,7,"24,76",24,76,0,0
3937,7,"24,84",24,84,0,0
3938,7,"24,92",24,92,0,0
3939,7,"24,100",24,100,0,0
3940,7,"24,108",24,108,0,0
3941,7,"24,116",24,116,0,0
3942,7,"24,124",24,124,0,0
3943,7,"24,132",24,132,0,0
3944,7,"24,140",24,140,0,0
3945,7,"28,136",28,136,0,0
3946,7,"28,128",28,128,0,0
3947,7,"28,120",28,120,0,0
3948,7,"28,112",28,112,0,0
3949,7,"28,104",28,104,0,0
3950,7,"28,96",28,96,0,0
3951,7,"28,88",28,88,0,0
3952,7,"28,80",28,80,0,0
3953,7,"28,72",28,72,0,0
3954,7,"28,64",28,64,0,0
3955,7,"28,56",28,56,0,0
3956,7,"28,48",28,48,0,0
3957,7,"28,40",28,40,0,0
3958,7,"28,32",28,32,0,0
3959,7,"32,28",32,28,0,0
3960,7,"32,36",32,36,0,0
3961,7,"32,44",32,44,0,0
3962,7,"32,52",32,52,0,0
3963,7,"32,60",32,60,0,0
3964,7,"32,68",32,68,0,0
3965,7,"32,76",32,76,0,0
3966,7,"32,84",32,84,0,0
3967,7,"32,92",32,92,0,0
3968,7,"32,100",32,100,0,0
3969,7,"32,108",32,108,0,0
3970,7,"32,116",32,116,0,0
3971,7,"32,124",32,124,0,0
3972,7,"32,132",32,132,0,0
3973,7,"32,140",32,140,0,0
3974,7,"36,136",36,136,0,0
3975,7,"36,128",36,128,0,0
3976,7,"36,120",36,120,0,0
3977,7,"36,112",36,112,0,0
3978,7,"36,104",36,104,0,0
3979,7,"36,96",36,96,0,0
3980,7,"36,88",36,88,0,0
3981,7,"36,80",36,80,0,0
3982,7,"36,72",36,72,0,0
3983,7,"36,64",36,64,0,0
3984,7,"36,56",36,56,0,0
3985,7,"36,48",36,48,0,0
3986,7,"36,40",36,40,0,0
3987,7,"36,32",36,32,0,0
3988,7,"40,28",40,28,0,0
3989,7,"40,36",40,36,0,0
3990,7,"40,44",40,44,0,0
3991,7,"40,52",40,52,0,0
3992,7,"40,60",40,60,0,0
3993,7,"40,68",40,68,0,0
3994,7,"40,76",40,76,0,0
3995,7,"40,84",40,84,0,0
3996,7,"40,92",40,92,0,0
3997,7,"40,100",40,100,0,0
3998,7,"40,108",40,108,0,0
3999,7,"40,116",40,116,0,0
4000,7,"40,124",40,124,0,0
4001,7,"40,132",40,132,0,0
4002,7,"40,140",40,140,0,0
4003,4,"-56,120",-56,120,0,0
4004,4,"-40,120",-40,120,0,0
4005,4,"-24,120",-24,120,0,0
4006,4,"-8,120",-8,120,0,0
4007,4,"8,120",8,120,0,0
4008,4,"24,120",24,120,0,0
4009,4,"40,120",40,120,0,0
4010,4,"56,120",56,120,0,0
4011,4,"-52,124",-52,124,0,0
4012,4,"-44,124",-44,124,0,0
4013,4,"-36,124",-36,124,0,0
4014,4,"-28,124",-28,124,0,0
4015,4,"-20,124",-20,124,0,0
4016,4,"-12,124",-12,124,0,0
4017,4,"-4,124",-4,124,0,0
4018,4,"4,124",4,124,0,0
4019,4,"12,124",12,124,0,0
4020,4,"20,124",20,124,0,0
4021,4,"28,124",28,124,0,0
4022,4,"36,124",36,124,0,0
4023,4,"44,124",44,124,0,0
4024,4,"52,124",52,124,0,0
4025,4,"-48,128",-48,128,0,0
4026,4,"-32,128",-32,128,0,0
4027,4,"-16,128",-16,128,0,0
4028,4,"0,128",0,128,0,0
4029,4,"16,128",16,128,0,0
4030,4,"32,128",32,128,0,0
4031,4,"48,128",48,128,0,0
4032,4,"-52,132",-52,132,0,0
4033,4,"-44,132",-44,132,0,0
4034,4,"-36,132",-36,132,0,0
4035,4,"-28,132",-28,132,0,0
4036,4,"-20,132",-20,132,0,0
4037,4,"-12,132",-12,132,0,0
4038,4,"-4,132",-4,132,0,0
4039,4,"4,132",4,132,0,0
4040,4,"12,132",12,132,0,0
4041,4,"20,132",20,132,0,0
4042,4,"28,132",28,132,0,0
4043,4,"36,132",36,132,0,0
4044,4,"44,132",44,132,0,0
4045,4,"52,132",52,132,0,0
4046,4,"-56,136",-56,136,0,0
4047,4,"-40,136",-40,136,0,0
4048,4,"-24,136",-24,136,0,0
4049,4,"-8,136",-8,136,0,0
4050,4,"8,136",8,136,0,0
4051,4,"24,136",24,136,0,0
4052,4,"40,136",40,136,0,0
4053,4,"56,136",56,136,0,0
4054,4,"-52,140",-52,140,0,0
4055,4,"-44,140",-44,140,0,0
4056,4,"-36,140",-36,140,0,0
4057,4,"-28,140",-28,140,0,0
4058,4,"-20,140",-20,140,0,0
4059,4,"-12,140",-12,140,0,0
4060,4,"-4,140",-4,140,0,0
4061,4,"4,140",4,140,0,0
4062,4,"12,140",12,140,0,0
4063,4,"20,140",20,140,0,0
4064,4,"28,140",28,140,0,0
4065,4,"36,140",36,140,0,0
4066,4,"44,140",44,140,0,0
4067,4,"52,140",52,140,0,0
4068,7,"-52,32",-52,32,0,0
4069,7,"-52,40",-52,40,0,0
4070,7,"-52,48",-52,48,0,0
4071,7,"-52,56",-52,56,0,0
4072,7,"-52,64",-52,64,0,0
4073,7,"-52,72",-52,72,0,0
4074,7,"-52,80",-52,80,0,0
4075,7,"-52,88",-52,88,0,0
4076,7,"-52,96",-52,96,0,0
4077,7,"-52,104",-52,104,0,0
4078,7,"-52,112",-52,112,0,0
4079,7,"-52,120",-52,120,0,0
4080,7,"-52,128",-52,128,0,0
4081,7,"-52,136",-52,136,0,0
4082,7,"-48,140",-48,140,0,0
4083,7,"-48,132",-48,132,0,0
4084,7,"-48,124",-48,124,0,0
4085,7,"-48,116",-48,116,0,0
4086,7,"-48,108",-48,108,0,0
4087,7,"-48,100",-48,100,0,0
4088,7,"-48,92",-48,92,0,0
4089,7,"-48,84",-48,84,0,0
4090,7,"-48,76",-48,76,0,0
4091,7,"-48,68",-48,68,0,0
4092,7,"-48,60",-48,60,0,0
4093,7,"-48,52",-48,52,0,0
4094,7,"-48,44",-48,44,0,0
4095,7,"-48,36",-48,36,0,0
4096,7,"-48,28",-48,28,0,0
4097,7,"-44,32",-44,32,0,0
4098,7,"-44,40",-44,40,0,0
4099,7,"-44,48",-44,48,0,0
4100,7,"-44,56",-44,56,0,0
4101,7,"-44,64",-44,64,0,0
4102,7,"-44,72",-44,72,0,0
4103,7,"-44,80",-44,80,0,0
4104,7,"-44,88",-44,88,0,0
4105,7,"-44,96",-44,96,0,0
4106,7,"-44,104",-44,104,0,0
4107,7,"-44,112",-44,112,0,0
4108,7,"-44,120",-44,120,0,0
4109,7,"-44,128",-44,128,0,0
4110,7,"-44,136",-44,136,0,0
4111,7,"44,32",44,32,0,0
4112,7,"44,40",44,40,0,0
4113,7,"44,48",44,48,0,0
4114,7,"44,56",44,56,0,0
4115,7,"44,64",44,64,0,0
4116,7,"44,72",44,72,0,0
4117,7,"44,80",44,80,0,0
4118,7,"44,88",44,88,0,0
4119,7,"44,96",44,96,0,0
4120,7,"44,104",44,104,0,0
4121,7,"44,112",44,112,0,0
4122,7,"44,120",44,120,0,0
4123,7,"44,128",44,128,0,0
4124,7,"44,136",44,136,0,0
4125,7,"48,140",48,140,0,0
4126,7,"48,132",48,132,0,0
4127,7,"48,124",48,124,0,0
4128,7,"48,116",48,116,0,0
4129,7,"48,108",48,108,0,0
4130,7,"48,100",48,100,0,0
4131,7,"48,92",48,92,0,0
4132,7,"48,84",48,84,0,0
4133,7,"48,76",48,76,0,0
4134,7,"48,68",48,68,0,0
4135,7,"48,60",48,60,0,0
4136,7,"48,52",48,52,0,0
4137,7,"48,44",48,44,0,0
4138,7,"48,36",48,36,0,0
4139,7,"48,28",48,28,0,0
4140,7,"52,32",52,32,0,0
4141,7,"52,40",52,40,0,0
4142,7,"52,48",52,48,0,0
4143,7,"52,56",52,56,0,0
4144,7,"52,64",52,64,0,0
4145,7,"52,72",52,72,0,0
4146,7,"52,80",52,80,0,0
4147,7,"52,88",52,88,0,0
4148,7,"52,96",52,96,0,0
4149,7,"52,104",52,104,0,0
4150,7,"52,112",52,112,0,0
4151,7,"52,120",52,120,0,0
4152,7,"52,128",52,128,0,0
4153,7,"52,136",52,136,0,0
4154,7,"52,-8",52,-8,0,0
4155,7,"48,-4",48,-4,0,0
4156,7,"44,-8",44,-8,0,0
4157,7,"40,-4",40,-4,0,0
4158,7,"36,-8",36,-8,0,0
4159,7,"32,-4",32,-4,0,0
4160,7,"28,-8",28,-8,0,0
4161,7,"24,-4",24,-4,0,0
4162,7,"20,-8",20,-8,0,0
4163,7,"16,-4",16,-4,0,0
4164,7,"12,-8",12,-8,0,0
4165,7,"8,-4",8,-4,0,0
4166,7,"4,-8",4,-8,0,0
4167,7,"0,-4",0,-4,0,0
4168,7,"-4,-8",-4,-8,0,0
4169,7,"-8,-4",-8,-4,0,0
4170,7,"-12,-8",-12,-8,0,0
4171,7,"-16,-4",-16,-4,0,0
4172,7,"-20,-8",-20,-8,0,0
4173,7,"-24,-4",-24,-4,0,0
4174,7,"-28,-8",-28,-8,0,0
4175,7,"-32,-4",-32,-4,0,0
4176,7,"-36,-8",-36,-8,0,0
4177,7,"-40,-4",-40,-4,0,0
4178,7,"-44,-8",-44,-8,0,0
4179,7,"-48,-4",-48,-4,0,0
4180,7,"-52,-8",-52,-8,0,0
4181,7,"-52,8",-52,8,0,0
4182,7,"-52,16",-52,16,0,0
4183,7,"-52,24",-52,24,0,0
4184,7,"-48,20",-48,20,0,0
4185,7,"-48,12",-48,12,0,0
4186,7,"-48,4",-48,4,0,0
4187,7,"-44,8",-44,8,0,0
4188,7,"-44,16",-44,16,0,0
4189,7,"-44,24",-44,24,0,0
4190,7,"-40,20",-40,20,0,0
4191,7,"-40,12",-40,12,0,0
4192,7,"-40,4",-40,4,0,0
4193,7,"-36,8",-36,8,0,0
4194,7,"-36,16",-36,16,0,0
4195,7,"-36,24",-36,24,0,0
4196,7,"-32,20",-32,20,0,0
4197,7,"-32,12",-32,12,0,0
4198,7,"-32,4",-32,4,0,0
4199,7,"-28,8",-28,8,0,0
4200,7,"-28,16",-28,16,0,0
4201,7,"-28,24",-28,24,0,0
4202,7,"-24,20",-24,20,0,0
4203,7,"-24,12",-24,12,0,0
4204,7,"-24,4",-24,4,0,0
4205,7,"-20,8",-20,8,0,0
4206,7,"-20,16",-20,16,0,0
4207,7,"-20,24",-20,24,0,0
4208,7,"-16,20",-16,20,0,0
4209,7,"-16,12",-16,12,0,0
4210,7,"-16,4",-16,4,0,0
4211,7,"-12,8",-12,8,0,0
4212,7,"-12,16",-12,16,0,0
4213,7,"-12,24",-12,24,0,0
4214,7,"-8,20",-8,20,0,0
4215,7,"-8,12",-8,12,0,0
4216,7,"-8,4",-8,4,0,0
4217,7,"-4,8",-4,8,0,0
4218,7,"-4,16",-4,16,0,0
4219,7,"-4,24",-4,24,0,0
4220,7,"0,20",0,20,0,0
4221,7,"0,12",0,12,0,0
4222,7,"0,4",0,4,0,0
4223,7,"4,8",4,8,0,0
4224,7,"4,16",4,16,0,0
4225,7,"4,24",4,24,0,0
4226,7,"8,20",8,20,0,0
4227,7,"8,12",8,12,0,0
4228,7,"8,4",8,4,0,0
4229,7,"12,8",12,8,0,0
4230,7,"12,16",12,16,0,0
4231,7,"12,24",12,24,0,0
4232,7,"16,20",16,20,0,0
4233,7,"16,12",16,12,0,0
4234,7,"16,4",16,4,0,0
4235,7,"20,8",20,8,0,0
4236,7,"20,16",20,16,0,0
4237,7,"20,24",20,24,0,0
4238,7,"24,20",24,20,0,0
4239,7,"24,12",24,12,0,0
4240,7,"24,4",24,4,0,0
4241,7,"28,8",28,8,0,0
4242,7,"28,16",28,16,0,0
4243,7,"28,24",28,24,0,0
4244,7,"32,20",32,20,0,0
4245,7,"32,12",32,12,0,0
4246,7,"32,4",32,4,0,0
4247,7,"36,8",36,8,0,0
4248,7,"36,16",36,16,0,0
4249,7,"36,24",36,24,0,0
4250,7,"40,20",40,20,0,0
4251,7,"40,12",40,12,0,0
4252,7,"40,4",40,4,0,0
4253,7,"44,8",44,8,0,0
4254,7,"44,16",44,16,0,0
4255,7,"44,24",44,24,0,0
4256,7,"48,20",48,20,0,0
4257,7,"48,12",48,12,0,0
4258,7,"48,4",48,4,0,0
4259,7,"52,8",52,8,0,0
4260,7,"52,16",52,16,0,0
4261,7,"52,24",52,24,0,0
4262,1,"0,8",0,8,0,0
4263,1,"0,16",0,16,0,0
4264,1,"0,24",0,24,0,0
4265,1,"0,32",0,32,0,0
4266,1,"0,40",0,40,0,0
4267,1,"0,48",0,48,0,0
4268,1,"0,56",0,56,0,0
4269,1,"0,64",0,64,0,0
4270,1,"0,72",0,72,0,0
4271,1,"0,80",0,80,0,0
4272,1,"0,88",0,88,0,0
4273,1,"0,96",0,96,0,0
4274,1,"0,104",0,104,0,0
4275,1,"0,112",0,112,0,0
4276,1,"0,120",0,120,0,0
4277,1,"0,128",0,128,0,0
4278,1,"0,136",0,136,0,0
4279,1,"0,144",0,144,0,0
4280,1,"0,152",0,152,0,0
4281,1,"-8,8",-8,8,0,0
4282,1,"-8,16",-8,16,0,0
4283,1,"-8,24",-8,24,0,0
4284,1,"-8,32",-8,32,0,0
4285,1,"-8,40",-8,40,0,0
4286,1,"-8,48",-8,48,0,0
4287,1,"-8,56",-8,56,0,0
4288,1,"-8,64",-8,64,0,0
4289,1,"-8,72",-8,72,0,0
4290,1,"-8,80",-8,80,0,0
4291,1,"-8,88",-8,88,0,0
4292,1,"-8,96",-8,96,0,0
4293,1,"-8,104",-8,104,0,0
4294,1,"-8,112",-8,112,0,0
4295,1,"-8,120",-8,120,0,0
4296,1,"-8,128",-8,128,0,0
4297,1,"-8,136",-8,136,0,0
4298,1,"-8,144",-8,144,0,0
4299,1,"-8,152",-8,152,0,0
4300,1,"-16,8",-16,8,0,0
4301,1,"-16,16",-16,16,0,0
4302,1,"-16,24",-16,24,0,0
4303,1,"-16,32",-16,32,0,0
4304,1,"-16,40",-16,40,0,0
4305,1,"-16,48",-16,48,0,0
4306,1,"-16,56",-16,56,0,0
4307,1,"-16,64",-16,64,0,0
4308,1,"-16,72",-16,72,0,0
4309,1,"-16,80",-16,80,0,0
4310,1,"-16,88",-16,88,0,0
4311,1,"-16,96",-16,96,0,0
4312,1,"-16,104",-16,104,0,0
4313,1,"-16,112",-16,112,0,0
4314,1,"-16,120",-16,120,0,0
4315,1,"-16,128",-16,128,0,0
4316,1,"-16,136",-16,136,0,0
4317,1,"-16,144",-16,144,0,0
4318,1,"-16,152",-16,152,0,0
4319,1,"144,8",144,8,0,0
4320,1,"144,16",144,16,0,0
4321,1,"144,24",144,24,0,0
4322,1,"144,32",144,32,0,0
4323,1,"144,40",144,40,0,0
4324,1,"144,48",144,48,0,0
4325,1,"144,56",144,56,0,0
4326,1,"144,64",144,64,0,0
4327,1,"144,72",144,72,0,0
4328,1,"144,80",144,80,0,0
4329,1,"144,88",144,88,0,0
4330,1,"144,96",144,96,0,0
4331,1,"144,104",144,104,0,0
4332,1,"144,112",144,112,0,0
4333,1,"144,120",144,120,0,0
4334,1,"144,128",144,128,0,0
4335,1,"144,136",144,136,0,0
4336,1,"144,144",144,144,0,0
4337,1,"144,152",144,152,0,0
4338,1,"152,8",152,8,0,0
4339,1,"152,16",152,16,0,0
4340,1,"152,24",152,24,0,0
4341,1,"152,32",152,32,0,0
4342,1,"152,40",152,40,0,0
4343,1,"152,48",152,48,0,0
4344,1,"152,56",152,56,0,0
4345,1,"152,64",152,64,0,0
4346,1,"152,72",152,72,0,0
4347,1,"152,80",152,80,0,0
4348,1,"152,88",152,88,0,0
4349,1,"152,96",152,96,0,0
4350,1,"152,104",152,104,0,0
4351,1,"152,112",152,112,0,0
4352,1,"152,120",152,120,0,0
4353,1,"152,128",152,128,0,0
4354,1,"152,136",152,136,0,0
4355,1,"152,144",152,144,0,0
4356,1,"152,152",152,152,0,0
4357,1,"160,8",160,8,0,0
4358,1,"160,16",160,16,0,0
4359,1,"160,24",160,24,0,0
4360,1,"160,32",160,32,0,0
4361,1,"160,40",160,40,0,0
4362,1,"160,48",160,48,0,0
4363,1,"160,56",160,56,0,0
4364,1,"160,64",160,64,0,0
4365,1,"160,72",160,72,0,0
4366,1,"160,80",160,80,0,0
4367,1,"160,88",160,88,0,0
4368,1,"160,96",160,96,0,0
4369,1,"160,104",160,104,0,0
4370,1,"160,112",160,112,0,0
4371,1,"160,120",160,120,0,0
4372,1,"160,128",160,128,0,0
4373,1,"160,136",160,136,0,0
4374,1,"160,144",160,144,0,0
4375,1,"160,152",160,152,0,0
4376,1,"-4,4",-4,4,0,0
4377,1,"-12,4",-12,4,0,0
4378,1,"-20,4",-20,4,0,0
4379,1,"148,4",148,4,0,0
4380,1,"156,4",156,4,0,0
4381,1,"164,4",164,4,0,0
4382,1,"-12,20",-12,20,0,0
4383,1,"-20,28",-20,28,0,0
4384,1,"-4,28",-4,28,0,0
4385,1,"-12,36",-12,36,0,0
4386,1,"-20,44",-20,44,0,0
4387,1,"-4,44",-4,44,0,0
4388,1,"-12,52",-12,52,0,0
4389,1,"-20,60",-20,60,0,0
4390,1,"-4,60",-4,60,0,0
4391,1,"-12,68",-12,68,0,0
4392,1,"-20,76",-20,76,0,0
4393,1,"-4,76",-4,76,0,0
4394,1,"-12,84",-12,84,0,0
4395,1,"-20,92",-20,92,0,0
4396,1,"-4,92",-4,92,0,0
4397,1,"-12,100",-12,100,0,0
4398,1,"-20,108",-20,108,0,0
4399,1,"-4,108",-4,108,0,0
4400,1,"-12,116",-12,116,0,0
4401,1,"-20,124",-20,124,0,0
4402,1,"-4,124",-4,124,0,0
4403,1,"-12,132",-12,132,0,0
4404,1,"148,20",148,20,0,0
4405,1,"164,20",164,20,0,0
4406,1,"156,28",156,28,0,0
4407,1,"148,36",148,36,0,0
4408,1,"164,36",164,36,0,0
4409,1,"156,44",156,44,0,0
4410,1,"148,52",148,52,0,0
4411,1,"164,52",164,52,0,0
4412,1,"156,60",156,60,0,0
4413,1,"148,68",148,68,0,0
4414,1,"164,68",164,68,0,0
4415,1,"156,76",156,76,0,0
4416,1,"148,84",148,84,0,0
4417,1,"164,84",164,84,0,0
4418,1,"156,92",156,92,0,0
4419,1,"148,100",148,100,0,0
4420,1,"164,100",164,100,0,0
4421,1,"156,108",156,108,0,0
4422,1,"148,116",148,116,0,0
4423,1,"164,116",164,116,0,0
4424,1,"156,124",156,124,0,0
4425,1,"148,132",148,132,0,0
4426,1,"164,132",164,132,0,0
