id,layout_id,hole_id,hold_id,rotation,default_placement_role_id
1073,1,1134,1033,0,13
1074,1,1136,1034,0,13
1075,1,1138,1035,0,13
1076,1,1140,1036,0,13
1077,1,1142,1037,0,13
1078,1,1144,1038,0,13
1079,1,1146,1039,0,13
1080,1,1148,1040,0,13
1081,1,1150,1041,0,13
1082,1,1152,1042,0,13
1083,1,1154,1043,0,13
1084,1,1156,1044,0,13
1085,1,1158,1045,0,13
1086,1,1160,1046,0,13
1087,1,1162,1047,0,13
1088,1,1164,1048,0,13
1089,1,1167,1049,0,13
1090,1,1168,1050,0,12
1091,1,1232,1051,0,12
1092,1,1233,1052,0,12
1093,1,1289,1053,0,12
1094,1,1290,1054,0,12
1095,1,1346,1055,0,12
1096,1,1347,1056,0,12
1097,1,1403,1057,0,12
1098,1,1404,1058,0,12
1099,1,1460,1059,0,12
1100,1,1461,1060,0,12
1101,1,1517,1061,0,12
1102,1,1518,1062,0,12
1103,1,1574,1063,0,12
1104,1,1575,1064,0,12
1105,1,1631,1065,0,12
1106,1,1632,1066,0,12
1107,1,1170,1067,0,12
1108,1,1230,1068,0,12
1109,1,1234,1069,0,12
1110,1,1287,1070,0,12
1111,1,1291,1071,0,12
1112,1,1344,1072,0,12
1113,1,1348,1073,0,12
1114,1,1401,1074,0,12
1115,1,1405,1075,0,12
1116,1,1458,1076,0,12
1117,1,1462,1077,0,12
1118,1,1515,1078,0,12
1119,1,1519,1079,0,12
1120,1,1572,1080,0,12
1121,1,1576,1081,0,12
1122,1,1629,1082,0,12
1123,1,1633,1083,0,12
1124,1,1172,1084,0,12
1125,1,1229,1085,0,12
1126,1,1236,1086,0,12
1127,1,1286,1087,0,12
1128,1,1293,1088,0,12
1129,1,1343,1089,0,12
1130,1,1350,1090,0,12
1131,1,1400,1091,0,12
1132,1,1407,1092,0,12
1133,1,1457,1093,0,12
1134,1,1464,1094,0,12
1135,1,1514,1095,0,12
1136,1,1521,1096,0,12
1137,1,1571,1097,0,12
1138,1,1578,1098,0,12
1139,1,1628,1099,0,12
1140,1,1635,1100,0,12
1141,1,1174,1101,0,12
1142,1,1227,1102,0,12
1143,1,1237,1103,0,12
1144,1,1284,1104,0,12
1145,1,1294,1105,0,12
1146,1,1341,1106,0,12
1147,1,1351,1107,0,12
1148,1,1398,1108,0,12
1149,1,1408,1109,0,12
1150,1,1455,1110,0,12
1151,1,1465,1111,0,12
1152,1,1512,1112,0,12
1153,1,1522,1113,0,12
1154,1,1569,1114,0,12
1155,1,1579,1115,0,12
1156,1,1626,1116,0,12
1157,1,1636,1117,0,12
1158,1,1176,1118,0,12
1159,1,1226,1119,0,12
1160,1,1239,1120,0,12
1161,1,1283,1121,0,12
1162,1,1296,1122,0,12
1163,1,1340,1123,0,12
1164,1,1353,1124,0,12
1165,1,1397,1125,0,12
1166,1,1410,1126,0,12
1167,1,1454,1127,0,12
1168,1,1467,1128,0,12
1169,1,1511,1129,0,12
1170,1,1524,1130,0,12
1171,1,1568,1131,0,12
1172,1,1581,1132,0,12
1173,1,1625,1133,0,12
1174,1,1638,1134,0,12
1175,1,1178,1135,0,12
1176,1,1224,1136,0,12
1177,1,1240,1137,0,12
1178,1,1281,1138,0,12
1179,1,1297,1139,0,12
1180,1,1338,1140,0,12
1181,1,1354,1141,0,12
1182,1,1395,1142,0,12
1183,1,1411,1143,0,12
1184,1,1452,1144,0,12
1185,1,1468,1145,0,12
1186,1,1509,1146,0,12
1187,1,1525,1147,0,12
1188,1,1566,1148,0,12
1189,1,1582,1149,0,12
1190,1,1623,1150,0,12
1191,1,1639,1151,0,12
1192,1,1180,1152,0,13
1193,1,1223,1153,0,13
1194,1,1242,1154,0,13
1195,1,1280,1155,0,13
1196,1,1299,1156,0,13
1197,1,1337,1157,0,13
1198,1,1356,1158,0,13
1199,1,1394,1159,0,13
1200,1,1413,1160,0,13
1201,1,1451,1161,0,13
1202,1,1470,1162,0,13
1203,1,1508,1163,0,13
1204,1,1527,1164,0,13
1205,1,1565,1165,0,13
1206,1,1584,1166,0,13
1207,1,1622,1167,0,13
1208,1,1641,1168,0,13
1209,1,1182,1169,0,13
1210,1,1221,1170,0,13
1211,1,1243,1171,0,13
1212,1,1278,1172,0,13
1213,1,1300,1173,0,13
1214,1,1335,1174,0,13
1215,1,1357,1175,0,13
1216,1,1392,1176,0,13
1217,1,1414,1177,0,13
1218,1,1449,1178,0,13
1219,1,1471,1179,0,13
1220,1,1506,1180,0,13
1221,1,1528,1181,0,13
1222,1,1563,1182,0,13
1223,1,1585,1183,0,13
1224,1,1620,1184,0,13
1225,1,1642,1185,0,13
1226,1,1184,1186,0,13
1227,1,1220,1187,0,13
1228,1,1245,1188,0,13
1229,1,1277,1189,0,13
1230,1,1302,1190,0,13
1231,1,1334,1191,0,13
1232,1,1359,1192,0,13
1233,1,1391,1193,0,13
1234,1,1416,1194,0,13
1235,1,1448,1195,0,13
1236,1,1473,1196,0,13
1237,1,1505,1197,0,13
1238,1,1530,1198,0,13
1239,1,1562,1199,0,13
1240,1,1587,1200,0,13
1241,1,1619,1201,0,13
1242,1,1644,1202,0,13
1243,1,1186,1203,0,13
1244,1,1218,1204,0,13
1245,1,1246,1205,0,13
1246,1,1275,1206,0,13
1247,1,1303,1207,0,13
1248,1,1332,1208,0,13
1249,1,1360,1209,0,13
1250,1,1389,1210,0,13
1251,1,1417,1211,0,13
1252,1,1446,1212,0,13
1253,1,1474,1213,0,13
1254,1,1503,1214,0,13
1255,1,1531,1215,0,13
1256,1,1560,1216,0,13
1257,1,1588,1217,0,13
1258,1,1617,1218,0,13
1259,1,1645,1219,0,13
1260,1,1188,1220,0,13
1261,1,1217,1221,0,13
1262,1,1248,1222,0,13
1263,1,1274,1223,0,13
1264,1,1305,1224,0,13
1265,1,1331,1225,0,13
1266,1,1362,1226,0,13
1267,1,1388,1227,0,13
1268,1,1419,1228,0,13
1269,1,1445,1229,0,13
1270,1,1476,1230,0,13
1271,1,1502,1231,0,13
1272,1,1533,1232,0,13
1273,1,1559,1233,0,13
1274,1,1590,1234,0,13
1275,1,1616,1235,0,13
1276,1,1647,1236,0,13
1277,1,1190,1237,0,13
1278,1,1215,1238,0,13
1279,1,1249,1239,0,13
1280,1,1272,1240,0,13
1281,1,1306,1241,0,13
1282,1,1329,1242,0,13
1283,1,1363,1243,0,13
1284,1,1386,1244,0,13
1285,1,1420,1245,0,13
1286,1,1443,1246,0,13
1287,1,1477,1247,0,13
1288,1,1500,1248,0,13
1289,1,1534,1249,0,13
1290,1,1557,1250,0,13
1291,1,1591,1251,0,13
1292,1,1614,1252,0,13
1293,1,1648,1253,0,13
1294,1,1192,1254,0,13
1295,1,1214,1255,0,13
1296,1,1251,1256,0,13
1297,1,1271,1257,0,13
1298,1,1308,1258,0,13
1299,1,1328,1259,0,13
1300,1,1365,1260,0,13
1301,1,1385,1261,0,13
1302,1,1422,1262,0,13
1303,1,1442,1263,0,13
1304,1,1479,1264,0,13
1305,1,1499,1265,0,13
1306,1,1536,1266,0,13
1307,1,1556,1267,0,13
1308,1,1593,1268,0,13
1309,1,1613,1269,0,13
1310,1,1650,1270,0,13
1311,1,1194,1271,0,13
1312,1,1212,1272,0,13
1313,1,1252,1273,0,13
1314,1,1269,1274,0,13
1315,1,1309,1275,0,13
1316,1,1326,1276,0,13
1317,1,1366,1277,0,13
1318,1,1383,1278,0,13
1319,1,1423,1279,0,13
1320,1,1440,1280,0,13
1321,1,1480,1281,0,13
1322,1,1497,1282,0,13
1323,1,1537,1283,0,13
1324,1,1554,1284,0,13
1325,1,1594,1285,0,13
1326,1,1611,1286,0,13
1327,1,1651,1287,0,13
1328,1,1196,1288,0,13
1329,1,1211,1289,0,13
1330,1,1254,1290,0,13
1331,1,1268,1291,0,13
1332,1,1311,1292,0,13
1333,1,1325,1293,0,13
1334,1,1368,1294,0,13
1335,1,1382,1295,0,13
1336,1,1425,1296,0,13
1337,1,1439,1297,0,13
1338,1,1482,1298,0,13
1339,1,1496,1299,0,13
1340,1,1539,1300,0,13
1341,1,1553,1301,0,13
1342,1,1596,1302,0,13
1343,1,1610,1303,0,13
1344,1,1653,1304,0,13
1345,1,1198,1305,0,13
1346,1,1209,1306,0,13
1347,1,1255,1307,0,13
1348,1,1266,1308,0,13
1349,1,1312,1309,0,13
1350,1,1323,1310,0,13
1351,1,1369,1311,0,13
1352,1,1380,1312,0,13
1353,1,1426,1313,0,13
1354,1,1437,1314,0,13
1355,1,1483,1315,0,13
1356,1,1494,1316,0,13
1357,1,1540,1317,0,13
1358,1,1551,1318,0,13
1359,1,1597,1319,0,13
1360,1,1608,1320,0,13
1361,1,1654,1321,0,13
1362,1,1199,1322,0,13
1363,1,1208,1323,0,13
1364,1,1256,1324,0,13
1365,1,1265,1325,0,13
1366,1,1313,1326,0,13
1367,1,1322,1327,0,13
1368,1,1370,1328,0,13
1369,1,1379,1329,0,13
1370,1,1427,1330,0,13
1371,1,1436,1331,0,13
1372,1,1484,1332,0,13
1373,1,1493,1333,0,13
1374,1,1541,1334,0,13
1375,1,1550,1335,0,13
1376,1,1598,1336,0,13
1377,1,1607,1337,0,13
1378,1,1655,1338,0,13
1379,1,1200,1339,0,13
1380,1,1207,1340,0,13
1381,1,1257,1341,0,13
1382,1,1264,1342,0,13
1383,1,1314,1343,0,13
1384,1,1321,1344,0,13
1385,1,1371,1345,0,13
1386,1,1378,1346,0,13
1387,1,1428,1347,0,13
1388,1,1435,1348,0,13
1389,1,1485,1349,0,13
1390,1,1492,1350,0,13
1391,1,1542,1351,0,13
1392,1,1549,1352,0,13
1393,1,1599,1353,0,13
1394,1,1606,1354,0,13
1395,1,1656,1355,0,13
1396,1,1201,1356,0,13
1397,1,1206,1357,0,13
1398,1,1258,1358,0,13
1399,1,1263,1359,0,13
1400,1,1315,1360,0,13
1401,1,1320,1361,0,13
1402,1,1372,1362,0,13
1403,1,1377,1363,0,13
1404,1,1429,1364,0,13
1405,1,1434,1365,0,13
1406,1,1486,1366,0,13
1407,1,1491,1367,0,13
1408,1,1543,1368,0,13
1409,1,1548,1369,0,13
1410,1,1600,1370,0,13
1411,1,1605,1371,0,13
1412,1,1657,1372,0,13
1413,1,1202,1373,0,13
1414,1,1205,1374,0,13
1415,1,1259,1375,0,13
1416,1,1262,1376,0,13
1417,1,1316,1377,0,13
1418,1,1319,1378,0,13
1419,1,1373,1379,0,13
1420,1,1376,1380,0,13
1421,1,1430,1381,0,13
1422,1,1433,1382,0,13
1423,1,1487,1383,0,13
1424,1,1490,1384,0,13
1425,1,1544,1385,0,13
1426,1,1547,1386,0,13
1427,1,1601,1387,0,13
1428,1,1604,1388,0,13
1429,1,1658,1389,0,13
1430,1,1203,1390,0,14
1431,1,1204,1391,0,14
1432,1,1260,1392,0,14
1433,1,1261,1393,0,14
1434,1,1317,1394,0,14
1435,1,1318,1395,0,14
1436,1,1374,1396,0,14
1437,1,1375,1397,0,14
1438,1,1431,1398,0,14
1439,1,1432,1399,0,14
1440,1,1488,1400,0,14
1441,1,1489,1401,0,14
1442,1,1545,1402,0,14
1443,1,1546,1403,0,14
1444,1,1602,1404,0,14
1445,1,1603,1405,0,14
1446,1,1659,1406,0,14
1447,1,1133,1560,0,15
1448,1,1135,1561,0,15
1449,1,1137,1562,0,15
1450,1,1139,1563,0,15
1451,1,1141,1564,0,15
1452,1,1143,1565,0,15
1453,1,1145,1566,0,15
1454,1,1147,1567,0,15
1455,1,1149,1568,0,15
1456,1,1151,1569,0,15
1457,1,1153,1570,0,15
1458,1,1155,1571,0,15
1459,1,1157,1572,0,15
1460,1,1159,1573,0,15
1461,1,1161,1574,0,15
1462,1,1163,1575,0,15
1463,1,1165,1576,0,15
1464,1,1166,1577,0,15
1465,1,1169,1578,0,15
1466,1,1231,1579,0,15
1467,1,1288,1580,0,15
1468,1,1345,1581,0,15
1469,1,1402,1582,0,15
1470,1,1459,1583,0,15
1471,1,1516,1584,0,15
1472,1,1573,1585,0,15
1473,1,1630,1586,0,15
1474,1,1171,1587,0,15
1475,1,1235,1588,0,15
1476,1,1292,1589,0,15
1477,1,1349,1590,0,15
1478,1,1406,1591,0,15
1479,1,1463,1592,0,15
1480,1,1520,1593,0,15
1481,1,1577,1594,0,15
1482,1,1634,1595,0,15
1483,1,1173,1596,0,15
1484,1,1228,1597,0,15
1485,1,1285,1598,0,15
1486,1,1342,1599,0,15
1487,1,1399,1600,0,15
1488,1,1456,1601,0,15
1489,1,1513,1602,0,15
1490,1,1570,1603,0,15
1491,1,1627,1604,0,15
1492,1,1175,1605,0,15
1493,1,1238,1606,0,15
1494,1,1295,1607,0,15
1495,1,1352,1608,0,15
1496,1,1409,1609,0,15
1497,1,1466,1610,0,15
1498,1,1523,1611,0,15
1499,1,1580,1612,0,15
1500,1,1637,1613,0,15
1501,1,1177,1614,0,15
1502,1,1225,1615,0,15
1503,1,1282,1616,0,15
1504,1,1339,1617,0,15
1505,1,1396,1618,0,15
1506,1,1453,1619,0,15
1507,1,1510,1620,0,15
1508,1,1567,1621,0,15
1509,1,1624,1622,0,15
1510,1,1179,1623,0,15
1511,1,1241,1624,0,15
1512,1,1298,1625,0,15
1513,1,1355,1626,0,15
1514,1,1412,1627,0,15
1515,1,1469,1628,0,15
1516,1,1526,1629,0,15
1517,1,1583,1630,0,15
1518,1,1640,1631,0,15
1519,1,1181,1632,0,15
1520,1,1222,1633,0,15
1521,1,1279,1634,0,15
1522,1,1336,1635,0,15
1523,1,1393,1636,0,15
1524,1,1450,1637,0,15
1525,1,1507,1638,0,15
1526,1,1564,1639,0,15
1527,1,1621,1640,0,15
1528,1,1183,1641,0,15
1529,1,1244,1642,0,15
1530,1,1301,1643,0,15
1531,1,1358,1644,0,15
1532,1,1415,1645,0,15
1533,1,1472,1646,0,15
1534,1,1529,1647,0,15
1535,1,1586,1648,0,15
1536,1,1643,1649,0,15
1537,1,1185,1650,0,15
1538,1,1219,1651,0,15
1539,1,1276,1652,0,15
1540,1,1333,1653,0,15
1541,1,1390,1654,0,15
1542,1,1447,1655,0,15
1543,1,1504,1656,0,15
1544,1,1561,1657,0,15
1545,1,1618,1658,0,15
1546,1,1187,1659,0,15
1547,1,1247,1660,0,15
1548,1,1304,1661,0,15
1549,1,1361,1662,0,15
1550,1,1418,1663,0,15
1551,1,1475,1664,0,15
1552,1,1532,1665,0,15
1553,1,1589,1666,0,15
1554,1,1646,1667,0,15
1555,1,1189,1668,0,15
1556,1,1216,1669,0,15
1557,1,1273,1670,0,15
1558,1,1330,1671,0,15
1559,1,1387,1672,0,15
1560,1,1444,1673,0,15
1561,1,1501,1674,0,15
1562,1,1558,1675,0,15
1563,1,1615,1676,0,15
1564,1,1191,1677,0,15
1565,1,1250,1678,0,15
1566,1,1307,1679,0,15
1567,1,1364,1680,0,15
1568,1,1421,1681,0,15
1569,1,1478,1682,0,15
1570,1,1535,1683,0,15
1571,1,1592,1684,0,15
1572,1,1649,1685,0,15
1573,1,1193,1686,0,15
1574,1,1213,1687,0,15
1575,1,1270,1688,0,15
1576,1,1327,1689,0,15
1577,1,1384,1690,0,15
1578,1,1441,1691,0,15
1579,1,1498,1692,0,15
1580,1,1555,1693,0,15
1581,1,1612,1694,0,15
1582,1,1195,1695,0,15
1583,1,1253,1696,0,15
1584,1,1310,1697,0,15
1585,1,1367,1698,0,15
1586,1,1424,1699,0,15
1587,1,1481,1700,0,15
1588,1,1538,1701,0,15
1589,1,1595,1702,0,15
1590,1,1652,1703,0,15
1591,1,1197,1704,0,15
1592,1,1210,1705,0,15
1593,1,1267,1706,0,15
1594,1,1324,1707,0,15
1595,1,1381,1708,0,15
1596,1,1438,1709,0,15
1597,1,1495,1710,0,15
1598,1,1552,1711,0,15
1599,1,1609,1712,0,15
1600,2,1660,1713,0,22
1601,2,1661,1714,0,21
1602,2,1662,1715,0,23
1603,2,1663,1716,0,21
1604,2,1664,1717,0,23
1605,2,1665,1718,0,21
1606,2,1666,1719,0,23
1607,2,1667,1720,0,21
1608,2,1668,1721,0,23
1609,2,1669,1722,0,21
1610,2,1670,1723,0,23
1611,2,1671,1724,0,21
1612,2,1672,1725,0,23
1613,2,1673,1726,0,21
1614,2,1674,1727,0,21
1615,2,1675,1728,0,23
1616,2,1676,1729,0,23
1617,2,1677,1730,0,21
1618,2,1678,1731,0,21
1619,2,1679,1732,0,23
1620,2,1680,1733,0,23
1621,2,1681,1734,0,20
1622,2,1682,1735,0,20
1623,2,1683,1736,0,23
1624,2,1684,1737,0,23
1625,2,1685,1738,0,20
1626,2,1686,1739,0,20
1627,2,1687,1740,0,20
1628,2,1688,1741,0,23
1629,2,1689,1742,0,23
1630,2,1690,1743,0,23
1631,2,1691,1744,0,23
1632,2,1692,1745,0,23
1633,2,1693,1746,0,23
1634,2,1694,1747,0,23
1635,2,1695,1748,0,23
1636,2,1696,1749,0,23
1637,2,1697,1750,0,23
1638,2,1698,1751,0,23
1639,2,1699,1752,0,23
1640,2,1700,1753,0,23
1641,2,1701,1754,0,23
1642,2,1702,1755,0,23
1643,2,1703,1756,0,23
1644,2,1704,1757,0,23
1645,2,1705,1758,0,23
1646,2,1706,1759,0,23
1647,2,1707,1760,0,23
1648,2,1708,1761,0,23
1649,2,1709,1762,0,23
1650,2,1710,1763,0,23
1651,2,1711,1764,0,23
1652,2,1712,1765,0,23
1653,2,1713,1766,0,23
1654,2,1714,1767,0,23
1655,2,1715,1768,0,23
1656,2,1716,1769,0,23
1657,2,1717,1770,0,23
1658,2,1718,1771,0,23
1659,2,1719,1772,0,23
1660,2,1720,1773,0,23
1661,2,1721,1774,0,23
1662,2,1722,1775,0,23
1663,2,1723,1776,0,23
1664,2,1724,1777,0,23
1665,2,1725,1778,0,23
1666,2,1726,1779,0,23
1667,2,1727,1780,0,23
1668,2,1728,1781,0,23
1669,2,1729,1782,0,23
1670,2,1730,1783,0,23
1671,2,1731,1784,0,23
1672,2,1732,1785,0,23
1673,2,1733,1786,0,23
1674,2,1734,1787,0,23
1675,2,1735,1788,0,23
1676,2,1736,1789,0,23
1677,2,1737,1790,0,23
1678,2,1738,1791,0,23
1679,2,1739,1792,0,23
1680,2,1740,1793,0,23
1681,2,1741,1794,0,23
1682,2,1742,1795,0,23
1683,2,1743,1796,0,23
1684,2,1744,1797,0,23
1685,2,1745,1798,0,23
1686,2,1746,1799,0,20
1687,2,1747,1800,0,20
1688,2,1748,1801,0,20
1689,2,1749,1802,0,20
1690,2,1750,1803,0,20
1691,2,1751,1804,0,20
1692,2,1752,1805,0,20
1693,2,1753,1806,0,20
1694,2,1754,1807,0,20
1695,2,1755,1808,0,20
1696,2,1756,1809,0,23
1697,2,1757,1810,0,23
1698,2,1758,1811,0,23
1699,2,1759,1812,0,23
1700,2,1760,1813,0,23
1701,2,1761,1814,0,23
1702,2,1762,1815,0,20
1703,2,1763,1816,0,20
1704,2,1764,1817,0,20
1705,2,1765,1818,0,20
1706,2,1766,1819,0,20
1707,2,1767,1820,0,23
1708,2,1768,1821,0,23
1709,2,1769,1822,0,23
1710,2,1770,1823,0,23
1711,2,1771,1824,0,23
1712,2,1772,1825,0,23
1713,2,1773,1826,0,21
1714,2,1774,1827,0,21
1715,2,1775,1828,0,21
1716,2,1776,1829,0,21
1717,2,1777,1830,0,21
1718,2,1778,1831,0,23
1719,2,1779,1832,0,23
1720,2,1780,1833,0,23
1721,2,1781,1834,0,23
1722,2,1782,1835,0,23
1723,2,1783,1836,0,23
1724,2,1784,1837,0,21
1725,2,1785,1838,0,21
1726,2,1786,1839,0,21
1727,2,1787,1840,0,21
1728,2,1788,1841,0,21
1729,2,1789,1842,0,23
1730,2,1790,1843,0,23
1731,2,1791,1844,0,23
1732,2,1792,1845,0,23
1733,2,1793,1846,0,23
1734,2,1794,1847,0,21
1735,2,1795,1848,0,21
1736,2,1796,1849,0,21
1737,2,1797,1850,0,21
1738,2,1798,1851,0,21
1739,2,1799,1852,0,23
1740,2,1800,1853,0,23
1741,2,1801,1854,0,23
1742,2,1802,1855,0,23
1743,2,1803,1856,0,23
1744,2,1804,1857,0,21
1745,2,1805,1858,0,21
1746,2,1806,1859,0,21
1747,2,1807,1860,0,21
1748,2,1808,1861,0,23
1749,2,1809,1862,0,23
1750,2,1810,1863,0,23
1751,2,1811,1864,0,23
1752,2,1812,1865,0,23
1753,2,1813,1866,0,21
1754,2,1814,1867,0,21
1755,2,1815,1868,0,21
1756,2,1816,1869,0,21
1757,2,1817,1870,0,23
1758,2,1818,1871,0,23
1759,2,1819,1872,0,23
1760,2,1820,1873,0,23
1761,2,1821,1874,0,21
1762,2,1822,1875,0,21
1763,2,1823,1876,0,21
1764,2,1824,1877,0,21
1765,2,1825,1878,0,23
1766,2,1826,1879,0,23
1767,2,1827,1880,0,23
1768,2,1828,1881,0,23
1769,2,1829,1882,0,21
1770,2,1830,1883,0,21
1771,2,1831,1884,0,21
1772,2,1832,1885,0,21
1773,2,1833,1886,0,22
1774,2,1834,1887,0,22
1775,2,1835,1888,0,22
1776,2,1836,1889,0,22
1777,2,1837,1890,0,22
1778,2,1838,1891,0,22
1779,2,1839,1892,0,21
1780,2,1840,1893,0,21
1781,2,1841,1894,0,21
1782,2,1842,1895,0,23
1783,2,1843,1896,0,23
1784,2,1844,1897,0,21
1785,2,1845,1898,0,21
1786,2,1846,1899,0,23
1787,2,1847,1900,0,23
1788,2,1848,1901,0,21
1789,2,1849,1902,0,21
1790,2,1850,1903,0,23
1791,2,1851,1904,0,21
1792,2,1852,1905,0,23
1793,2,1853,1906,0,21
1794,2,1854,1907,0,23
1795,2,1855,1908,0,21
1796,2,1856,1909,0,23
1797,2,1857,1910,0,23
1798,2,1858,1911,0,23
1799,2,1859,1912,0,23
1800,2,1860,1913,0,23
1801,2,1861,1914,0,23
1802,2,1862,1915,0,23
1803,2,1863,1916,0,20
1804,2,1864,1917,0,20
1805,2,1865,1918,0,20
1806,2,1866,1919,0,20
1807,2,1867,1920,0,20
1808,2,1868,1921,0,20
1809,2,1869,1922,0,20
1810,2,1870,1923,0,23
1811,2,1871,1924,0,23
1812,2,1872,1925,0,23
1813,2,1873,1926,0,23
1814,2,1874,1927,0,23
1815,2,1875,1928,0,23
1816,2,1876,1929,0,21
1817,2,1877,1930,0,21
1818,2,1878,1931,0,21
1819,2,1879,1932,0,21
1820,2,1880,1933,0,21
1821,2,1881,1934,0,21
1822,2,1882,1935,0,21
1823,2,1883,1936,0,23
1824,2,1884,1937,0,23
1825,2,1885,1938,0,23
1826,2,1886,1939,0,23
1827,2,1887,1940,0,23
1828,2,1888,1941,0,23
1829,2,1889,1942,0,21
1830,2,1890,1943,0,21
1831,2,1891,1944,0,21
1832,2,1892,1945,0,21
1833,2,1893,1946,0,21
1834,2,1894,1947,0,21
1835,2,1895,1948,0,21
1836,2,1896,1949,0,23
1837,2,1897,1950,0,23
1838,2,1898,1951,0,23
1839,2,1899,1952,0,23
1840,2,1900,1953,0,23
1841,2,1901,1954,0,23
1842,2,1902,1955,0,21
1843,2,1903,1956,0,21
1844,2,1904,1957,0,21
1845,2,1905,1958,0,21
1846,2,1906,1959,0,21
1847,2,1907,1960,0,21
1848,2,1908,1961,0,21
1849,2,1909,1962,0,23
1850,2,1910,1963,0,23
1851,2,1911,1964,0,23
1852,2,1912,1965,0,23
1853,2,1913,1966,0,23
1854,2,1914,1967,0,23
1855,2,1915,1968,0,21
1856,2,1916,1969,0,21
1857,2,1917,1970,0,21
1858,2,1918,1971,0,21
1859,2,1919,1972,0,21
1860,2,1920,1973,0,21
1861,2,1921,1974,0,21
1862,2,1922,1975,0,23
1863,2,1923,1976,0,23
1864,2,1924,1977,0,23
1865,2,1925,1978,0,23
1866,2,1926,1979,0,23
1867,2,1927,1980,0,23
1868,2,1928,1981,0,21
1869,2,1929,1982,0,21
1870,2,1930,1983,0,21
1871,2,1931,1984,0,21
1872,2,1932,1985,0,21
1873,2,1933,1986,0,21
1874,2,1934,1987,0,21
1875,2,1935,1988,0,23
1876,2,1936,1989,0,23
1877,2,1937,1990,0,23
1878,2,1938,1991,0,23
1879,2,1939,1992,0,23
1880,2,1940,1993,0,23
1881,2,1941,1994,0,21
1882,2,1942,1995,0,21
1883,2,1943,1996,0,21
1884,2,1944,1997,0,21
1885,2,1945,1998,0,21
1886,2,1946,1999,0,21
1887,2,1947,2000,0,21
1888,2,1948,2001,0,23
1889,2,1949,2002,0,23
1890,2,1950,2003,0,23
1891,2,1951,2004,0,23
1892,2,1952,2005,0,23
1893,2,1953,2006,0,23
1894,2,1954,2007,0,21
1895,2,1955,2008,0,21
1896,2,1956,2009,0,21
1897,2,1957,2010,0,21
1898,2,1958,2011,0,21
1899,2,1959,2012,0,21
1900,2,1960,2013,0,21
1901,2,1961,2014,0,21
1902,2,1962,2015,0,22
1903,2,1963,2016,0,22
1904,2,1964,2017,0,21
1905,2,1965,2018,0,21
1906,2,1966,2019,0,22
1907,2,1967,2020,0,22
1908,2,1968,2021,0,21
1909,2,1969,2022,0,21
1910,2,1970,2023,0,22
1911,2,1971,2024,0,22
1912,2,1972,2025,0,21
1913,2,1973,2026,0,21
1914,2,1974,2027,0,22
1915,2,1975,2028,0,22
1916,2,1976,2029,0,22
1917,2,1977,2030,0,22
1918,2,1978,2031,0,21
1919,2,1979,2032,0,23
1920,2,1980,2033,0,23
1921,2,1981,2034,0,21
1922,2,1982,2035,0,23
1923,2,1983,2036,0,23
1924,2,1984,2037,0,21
1925,2,1985,2038,0,23
1926,2,1986,2039,0,23
1927,2,1987,2040,0,23
1928,2,1988,2041,0,23
1929,2,1989,2042,0,21
1930,2,1990,2043,0,21
1931,2,1991,2044,0,21
1932,2,1992,2045,0,21
1933,2,1993,2046,0,21
1934,2,1994,2047,0,21
1935,2,1995,2048,0,21
1936,2,1996,2049,0,22
1937,2,1997,2050,0,22
1938,2,1998,2051,0,22
1939,2,1999,2052,0,21
1940,2,2000,2053,0,21
1941,2,2001,2054,0,21
1942,2,2002,2055,0,21
1943,2,2003,2056,0,23
1944,2,2004,2057,0,23
1945,2,2005,2058,0,23
1946,2,2006,2059,0,23
1947,2,2007,2060,0,21
1948,2,2008,2061,0,21
1949,2,2009,2062,0,21
1950,2,2010,2063,0,21
1951,2,2011,2064,0,23
1952,2,2012,2065,0,23
1953,2,2013,2066,0,23
1954,2,2014,2067,0,23
1955,2,2015,2068,0,21
1956,2,2016,2069,0,21
1957,2,2017,2070,0,21
1958,2,2018,2071,0,21
1959,2,2019,2072,0,23
1960,2,2020,2073,0,23
1961,2,2021,2074,0,23
1962,2,2022,2075,0,23
1963,2,2023,2076,0,23
1964,2,2024,2077,0,21
1965,2,2025,2078,0,21
1966,2,2026,2079,0,21
1967,2,2027,2080,0,21
1968,2,2028,2081,0,23
1969,2,2029,2082,0,23
1970,2,2030,2083,0,23
1971,2,2031,2084,0,23
1972,2,2032,2085,0,23
1973,2,2033,2086,0,21
1974,2,2034,2087,0,21
1975,2,2035,2088,0,21
1976,2,2036,2089,0,21
1977,2,2037,2090,0,21
1978,2,2038,2091,0,23
1979,2,2039,2092,0,23
1980,2,2040,2093,0,23
1981,2,2041,2094,0,23
1982,2,2042,2095,0,23
1983,2,2043,2096,0,21
1984,2,2044,2097,0,21
1985,2,2045,2098,0,21
1986,2,2046,2099,0,21
1987,2,2047,2100,0,21
1988,2,2048,2101,0,23
1989,2,2049,2102,0,23
1990,2,2050,2103,0,23
1991,2,2051,2104,0,23
1992,2,2052,2105,0,23
1993,2,2053,2106,0,23
1994,2,2054,2107,0,21
1995,2,2055,2108,0,21
1996,2,2056,2109,0,21
1997,2,2057,2110,0,21
1998,2,2058,2111,0,21
1999,2,2059,2112,0,23
2000,2,2060,2113,0,23
2001,2,2061,2114,0,23
2002,2,2062,2115,0,23
2003,2,2063,2116,0,23
2004,2,2064,2117,0,23
2005,2,2065,2118,0,20
2006,2,2066,2119,0,20
2007,2,2067,2120,0,20
2008,2,2068,2121,0,20
2009,2,2069,2122,0,20
2010,2,2070,2123,0,23
2011,2,2071,2124,0,23
2012,2,2072,2125,0,23
2013,2,2073,2126,0,23
2014,2,2074,2127,0,23
2015,2,2075,2128,0,23
2016,2,2076,2129,0,20
2017,2,2077,2130,0,20
2018,2,2078,2131,0,20
2019,2,2079,2132,0,20
2020,2,2080,2133,0,20
2021,2,2081,2134,0,20
2022,2,2082,2135,0,20
2023,2,2083,2136,0,20
2024,2,2084,2137,0,20
2025,2,2085,2138,0,23
2026,2,2086,2139,0,23
2027,2,2087,2140,0,23
2028,2,2088,2141,0,23
2029,2,2089,2142,0,23
2030,2,2090,2143,0,23
2031,2,2091,2144,0,23
2032,2,2092,2145,0,23
2033,2,2093,2146,0,23
2034,2,2094,2147,0,23
2035,2,2095,2148,0,23
2036,2,2096,2149,0,23
2037,2,2097,2150,0,23
2038,2,2098,2151,0,23
2039,2,2099,2152,0,23
2040,2,2100,2153,0,23
2041,2,2101,2154,0,23
2042,2,2102,2155,0,23
2043,2,2103,2156,0,23
2044,2,2104,2157,0,20
2045,2,2105,2158,0,20
2046,2,2106,2159,0,20
2047,2,2107,2160,0,23
2048,2,2108,2161,0,23
2049,2,2109,2162,0,20
2050,2,2110,2163,0,20
2051,2,2111,2164,0,23
2052,2,2112,2165,0,23
2053,2,2113,2166,0,21
2054,2,2114,2167,0,21
2055,2,2115,2168,0,23
2056,2,2116,2169,0,23
2057,2,2117,2170,0,21
2058,2,2118,2171,0,21
2059,2,2119,2172,0,23
2060,2,2120,2173,0,23
2061,2,2121,2174,0,21
2062,2,2122,2175,0,21
2063,2,2123,2176,0,23
2064,2,2124,2177,0,21
2065,2,2125,2178,0,23
2066,2,2126,2179,0,21
2067,2,2127,2180,0,23
2068,2,2128,2181,0,21
2069,2,2129,2182,0,23
2070,2,2130,2183,0,21
2071,2,2131,2184,0,22
2072,3,2132,2185,0,24
2073,3,2133,2186,0,26
2074,3,2134,2187,0,27
2075,3,2135,2188,0,24
2076,3,2136,2189,0,26
2077,4,2137,2190,0,31
2078,4,2138,2191,0,31
2079,4,2139,2192,0,31
2080,4,2140,2193,0,31
2081,4,2141,2194,0,31
2082,4,2142,2195,0,31
2083,4,2143,2196,0,31
2084,4,2144,2197,0,31
2085,4,2145,2198,0,31
2086,4,2146,2199,0,31
2087,4,2147,2200,0,31
2088,4,2148,2201,0,31
2089,4,2149,2202,0,31
2090,4,2150,2203,0,31
2091,4,2151,2204,0,31
2092,4,2152,2205,0,31
2093,4,2153,2206,0,31
2094,4,2154,2207,0,31
2095,4,2155,2208,0,31
2096,4,2156,2209,0,31
2097,4,2157,2210,0,31
2098,4,2158,2211,0,31
2099,4,2159,2212,0,31
2100,4,2160,2213,0,31
2101,4,2161,2214,0,31
2102,4,2162,2215,0,31
2103,4,2163,2216,0,31
2104,4,2164,2217,0,31
2105,4,2165,2218,0,31
2106,4,2166,2219,0,28
2107,4,2167,2220,0,31
2108,4,2168,2221,0,28
2109,4,2169,2222,0,31
2110,4,2170,2223,0,28
2111,4,2171,2224,0,31
2112,4,2172,2225,0,28
2113,4,2173,2226,0,31
2114,4,2174,2227,0,28
2115,4,2175,2228,0,31
2116,4,2176,2229,0,28
2117,4,2177,2230,0,31
2118,4,2178,2231,0,29
2119,4,2179,2232,0,31
2120,4,2180,2233,0,29
2121,4,2181,2234,0,31
2122,4,2182,2235,0,29
2123,4,2183,2236,0,31
2124,4,2184,2237,0,29
2125,4,2185,2238,0,31
2126,4,2186,2239,0,29
2127,4,2187,2240,0,31
2128,4,2188,2241,0,29
2129,4,2189,2242,0,31
2130,4,2190,2243,0,29
2131,4,2191,2244,0,31
2132,4,2192,2245,0,29
2133,4,2193,2246,0,31
2134,4,2194,2247,0,30
2135,4,2195,2248,0,30
2136,4,2196,2249,0,29
2137,4,2197,2250,0,31
2138,4,2198,2251,0,29
2139,4,2199,2252,0,29
2140,4,2200,2253,0,31
2141,4,2201,2254,0,29
2142,4,2202,2255,0,29
2143,4,2203,2256,0,31
2144,4,2204,2257,0,29
2145,4,2205,2258,0,29
2146,4,2206,2259,0,31
2147,4,2207,2260,0,29
2148,4,2208,2261,0,28
2149,4,2209,2262,0,31
2150,4,2210,2263,0,28
2151,4,2211,2264,0,28
2152,4,2212,2265,0,31
2153,4,2213,2266,0,28
2154,4,2214,2267,0,28
2155,4,2215,2268,0,31
2156,4,2216,2269,0,28
2157,4,2217,2270,0,28
2158,4,2218,2271,0,28
2159,4,2219,2272,0,31
2160,4,2220,2273,0,28
2161,4,2221,2274,0,28
2162,4,2222,2275,0,31
2163,4,2223,2276,0,28
2164,4,2224,2277,0,28
2165,4,2225,2278,0,31
2166,4,2226,2279,0,29
2167,4,2227,2280,0,29
2168,4,2228,2281,0,31
2169,4,2229,2282,0,29
2170,4,2230,2283,0,29
2171,4,2231,2284,0,31
2172,4,2232,2285,0,29
2173,4,2233,2286,0,29
2174,4,2234,2287,0,31
2175,4,2235,2288,0,29
2176,4,2236,2289,0,29
2177,4,2237,2290,0,31
2178,4,2238,2291,0,30
2179,4,2239,2292,0,30
2180,4,2240,2293,0,29
2181,4,2241,2294,0,31
2182,4,2242,2295,0,29
2183,4,2243,2296,0,29
2184,4,2244,2297,0,31
2185,4,2245,2298,0,29
2186,4,2246,2299,0,29
2187,4,2247,2300,0,31
2188,4,2248,2301,0,29
2189,4,2249,2302,0,29
2190,4,2250,2303,0,31
2191,4,2251,2304,0,29
2192,4,2252,2305,0,28
2193,4,2253,2306,0,31
2194,4,2254,2307,0,28
2195,4,2255,2308,0,28
2196,4,2256,2309,0,31
2197,4,2257,2310,0,28
2198,4,2258,2311,0,28
2199,4,2259,2312,0,31
2200,4,2260,2313,0,28
2201,4,2261,2314,0,28
2202,4,2262,2315,0,28
2203,4,2263,2316,0,31
2204,4,2264,2317,0,28
2205,4,2265,2318,0,28
2206,4,2266,2319,0,31
2207,4,2267,2320,0,28
2208,4,2268,2321,0,28
2209,4,2269,2322,0,31
2210,4,2270,2323,0,29
2211,4,2271,2324,0,29
2212,4,2272,2325,0,31
2213,4,2273,2326,0,29
2214,4,2274,2327,0,29
2215,4,2275,2328,0,31
2216,4,2276,2329,0,29
2217,4,2277,2330,0,29
2218,4,2278,2331,0,31
2219,4,2279,2332,0,29
2220,4,2280,2333,0,29
2221,4,2281,2334,0,31
2222,4,2282,2335,0,30
2223,4,2283,2336,0,30
2224,4,2284,2337,0,29
2225,4,2285,2338,0,31
2226,4,2286,2339,0,29
2227,4,2287,2340,0,29
2228,4,2288,2341,0,31
2229,4,2289,2342,0,29
2230,4,2290,2343,0,29
2231,4,2291,2344,0,31
2232,4,2292,2345,0,29
2233,4,2293,2346,0,29
2234,4,2294,2347,0,31
2235,4,2295,2348,0,29
2236,4,2296,2349,0,28
2237,4,2297,2350,0,31
2238,4,2298,2351,0,28
2239,4,2299,2352,0,28
2240,4,2300,2353,0,31
2241,4,2301,2354,0,28
2242,4,2302,2355,0,28
2243,4,2303,2356,0,31
2244,4,2304,2357,0,28
2245,4,2305,2358,0,28
2246,4,2306,2359,0,28
2247,4,2307,2360,0,31
2248,4,2308,2361,0,28
2249,4,2309,2362,0,28
2250,4,2310,2363,0,31
2251,4,2311,2364,0,28
2252,4,2312,2365,0,28
2253,4,2313,2366,0,31
2254,4,2314,2367,0,29
2255,4,2315,2368,0,29
2256,4,2316,2369,0,31
2257,4,2317,2370,0,29
2258,4,2318,2371,0,29
2259,4,2319,2372,0,31
2260,4,2320,2373,0,29
2261,4,2321,2374,0,29
2262,4,2322,2375,0,31
2263,4,2323,2376,0,29
2264,4,2324,2377,0,29
2265,4,2325,2378,0,31
2266,4,2326,2379,0,30
2267,4,2327,2380,0,30
2268,4,2328,2381,0,29
2269,4,2329,2382,0,31
2270,4,2330,2383,0,29
2271,4,2331,2384,0,29
2272,4,2332,2385,0,31
2273,4,2333,2386,0,29
2274,4,2334,2387,0,29
2275,4,2335,2388,0,31
2276,4,2336,2389,0,29
2277,4,2337,2390,0,29
2278,4,2338,2391,0,31
2279,4,2339,2392,0,29
2280,4,2340,2393,0,28
2281,4,2341,2394,0,31
2282,4,2342,2395,0,28
2283,4,2343,2396,0,28
2284,4,2344,2397,0,31
2285,4,2345,2398,0,28
2286,4,2346,2399,0,28
2287,4,2347,2400,0,31
2288,4,2348,2401,0,28
2289,4,2349,2402,0,28
2290,4,2350,2403,0,28
2291,4,2351,2404,0,31
2292,4,2352,2405,0,28
2293,4,2353,2406,0,28
2294,4,2354,2407,0,31
2295,4,2355,2408,0,28
2296,4,2356,2409,0,28
2297,4,2357,2410,0,31
2298,4,2358,2411,0,29
2299,4,2359,2412,0,29
2300,4,2360,2413,0,31
2301,4,2361,2414,0,29
2302,4,2362,2415,0,29
2303,4,2363,2416,0,31
2304,4,2364,2417,0,29
2305,4,2365,2418,0,29
2306,4,2366,2419,0,31
2307,4,2367,2420,0,29
2308,4,2368,2421,0,29
2309,4,2369,2422,0,31
2310,4,2370,2423,0,30
2311,4,2371,2424,0,30
2312,4,2372,2425,0,29
2313,4,2373,2426,0,31
2314,4,2374,2427,0,29
2315,4,2375,2428,0,29
2316,4,2376,2429,0,31
2317,4,2377,2430,0,29
2318,4,2378,2431,0,29
2319,4,2379,2432,0,31
2320,4,2380,2433,0,29
2321,4,2381,2434,0,29
2322,4,2382,2435,0,31
2323,4,2383,2436,0,29
2324,4,2384,2437,0,28
2325,4,2385,2438,0,31
2326,4,2386,2439,0,28
2327,4,2387,2440,0,28
2328,4,2388,2441,0,31
2329,4,2389,2442,0,28
2330,4,2390,2443,0,28
2331,4,2391,2444,0,31
2332,4,2392,2445,0,28
2333,4,2393,2446,0,28
2334,4,2394,2447,0,28
2335,4,2395,2448,0,31
2336,4,2396,2449,0,28
2337,4,2397,2450,0,28
2338,4,2398,2451,0,31
2339,4,2399,2452,0,28
2340,4,2400,2453,0,28
2341,4,2401,2454,0,31
2342,4,2402,2455,0,29
2343,4,2403,2456,0,29
2344,4,2404,2457,0,31
2345,4,2405,2458,0,29
2346,4,2406,2459,0,29
2347,4,2407,2460,0,31
2348,4,2408,2461,0,29
2349,4,2409,2462,0,29
2350,4,2410,2463,0,31
2351,4,2411,2464,0,29
2352,4,2412,2465,0,29
2353,4,2413,2466,0,31
2354,4,2414,2467,0,30
2355,4,2415,2468,0,30
2356,4,2416,2469,0,29
2357,4,2417,2470,0,31
2358,4,2418,2471,0,29
2359,4,2419,2472,0,29
2360,4,2420,2473,0,31
2361,4,2421,2474,0,29
2362,4,2422,2475,0,29
2363,4,2423,2476,0,31
2364,4,2424,2477,0,29
2365,4,2425,2478,0,29
2366,4,2426,2479,0,31
2367,4,2427,2480,0,29
2368,4,2428,2481,0,28
2369,4,2429,2482,0,31
2370,4,2430,2483,0,28
2371,4,2431,2484,0,28
2372,4,2432,2485,0,31
2373,4,2433,2486,0,28
2374,4,2434,2487,0,28
2375,4,2435,2488,0,31
2376,4,2436,2489,0,28
2377,4,2437,2490,0,28
2378,4,2438,2491,0,28
2379,4,2439,2492,0,31
2380,4,2440,2493,0,28
2381,4,2441,2494,0,28
2382,4,2442,2495,0,31
2383,4,2443,2496,0,28
2384,4,2444,2497,0,28
2385,4,2445,2498,0,31
2386,4,2446,2499,0,29
2387,4,2447,2500,0,29
2388,4,2448,2501,0,31
2389,4,2449,2502,0,29
2390,4,2450,2503,0,29
2391,4,2451,2504,0,31
2392,4,2452,2505,0,29
2393,4,2453,2506,0,29
2394,4,2454,2507,0,31
2395,4,2455,2508,0,29
2396,4,2456,2509,0,29
2397,4,2457,2510,0,31
2398,4,2458,2511,0,30
2399,4,2459,2512,0,30
2400,4,2460,2513,0,29
2401,4,2461,2514,0,31
2402,4,2462,2515,0,29
2403,4,2463,2516,0,29
2404,4,2464,2517,0,31
2405,4,2465,2518,0,29
2406,4,2466,2519,0,29
2407,4,2467,2520,0,31
2408,4,2468,2521,0,29
2409,4,2469,2522,0,29
2410,4,2470,2523,0,31
2411,4,2471,2524,0,29
2412,4,2472,2525,0,28
2413,4,2473,2526,0,31
2414,4,2474,2527,0,28
2415,4,2475,2528,0,28
2416,4,2476,2529,0,31
2417,4,2477,2530,0,28
2418,4,2478,2531,0,28
2419,4,2479,2532,0,31
2420,4,2480,2533,0,28
2421,5,2481,2534,0,32
2422,5,2482,2535,0,32
2423,5,2483,2536,0,32
2424,5,2484,2537,0,32
2425,5,2485,2538,0,33
2426,5,2486,2539,0,33
2427,5,2487,2540,0,33
2428,5,2488,2541,0,33
2429,5,2489,2542,0,33
2430,5,2490,2543,0,33
2431,5,2491,2544,0,33
2432,5,2492,2545,0,33
2433,5,2493,2546,0,33
2434,5,2494,2547,0,33
2435,5,2495,2548,0,33
2436,5,2496,2549,0,33
2437,5,2497,2550,0,33
2438,5,2498,2551,0,33
2439,5,2499,2552,0,33
2440,5,2500,2553,0,33
2441,5,2501,2554,0,33
2442,5,2502,2555,0,33
2443,5,2503,2556,0,33
2444,5,2504,2557,0,33
2445,5,2505,2558,0,33
2446,5,2506,2559,0,33
2447,5,2507,2560,0,33
2448,5,2508,2561,0,33
2449,5,2509,2562,0,33
2450,5,2510,2563,0,33
2451,5,2511,2564,0,34
2452,5,2512,2565,0,34
2453,5,2513,2566,0,33
2454,5,2514,2567,0,33
2455,5,2515,2568,0,33
2456,5,2516,2569,0,33
2457,5,2517,2570,0,33
2458,5,2518,2571,0,33
2459,5,2519,2572,0,33
2460,5,2520,2573,0,33
2461,5,2521,2574,0,33
2462,5,2522,2575,0,33
2463,5,2523,2576,0,33
2464,5,2524,2577,0,33
2465,5,2525,2578,0,33
2466,5,2526,2579,0,33
2467,5,2527,2580,0,33
2468,5,2528,2581,0,33
2469,5,2529,2582,0,33
2470,5,2530,2583,0,33
2471,5,2531,2584,0,33
2472,5,2532,2585,0,33
2473,5,2533,2586,0,33
2474,5,2534,2587,0,33
2475,5,2535,2588,0,33
2476,5,2536,2589,0,33
2477,5,2537,2590,0,33
2478,5,2538,2591,0,33
2479,5,2539,2592,0,32
2480,5,2540,2593,0,32
2481,5,2541,2594,0,32
2482,5,2542,2595,0,32
2483,5,2543,2596,0,32
2484,5,2544,2597,0,32
2485,5,2545,2598,0,32
2486,5,2546,2599,0,32
2487,5,2547,2600,0,33
2488,5,2548,2601,0,33
2489,5,2549,2602,0,33
2490,5,2550,2603,0,33
2491,5,2551,2604,0,33
2492,5,2552,2605,0,33
2493,5,2553,2606,0,33
2494,5,2554,2607,0,33
2495,5,2555,2608,0,33
2496,5,2556,2609,0,33
2497,5,2557,2610,0,33
2498,5,2558,2611,0,33
2499,5,2559,2612,0,33
2500,5,2560,2613,0,33
2501,5,2561,2614,0,33
2502,5,2562,2615,0,33
2503,5,2563,2616,0,33
2504,5,2564,2617,0,33
2505,5,2565,2618,0,33
2506,5,2566,2619,0,33
2507,5,2567,2620,0,33
2508,5,2568,2621,0,33
2509,5,2569,2622,0,33
2510,5,2570,2623,0,33
2511,5,2571,2624,0,33
2512,5,2572,2625,0,33
2513,5,2573,2626,0,34
2514,5,2574,2627,0,34
2515,5,2575,2628,0,33
2516,5,2576,2629,0,33
2517,5,2577,2630,0,33
2518,5,2578,2631,0,33
2519,5,2579,2632,0,33
2520,5,2580,2633,0,33
2521,5,2581,2634,0,33
2522,5,2582,2635,0,33
2523,5,2583,2636,0,33
2524,5,2584,2637,0,33
2525,5,2585,2638,0,33
2526,5,2586,2639,0,33
2527,5,2587,2640,0,33
2528,5,2588,2641,0,33
2529,5,2589,2642,0,33
2530,5,2590,2643,0,33
2531,5,2591,2644,0,33
2532,5,2592,2645,0,33
2533,5,2593,2646,0,33
2534,5,2594,2647,0,33
2535,5,2595,2648,0,33
2536,5,2596,2649,0,33
2537,5,2597,2650,0,33
2538,5,2598,2651,0,33
2539,5,2599,2652,0,33
2540,5,2600,2653,0,33
2541,5,2601,2654,0,32
2542,5,2602,2655,0,32
2543,5,2603,2656,0,32
2544,5,2604,2657,0,32
2545,5,2605,2658,0,32
2546,5,2606,2659,0,32
2547,5,2607,2660,0,32
2548,5,2608,2661,0,32
2549,5,2609,2662,0,33
2550,5,2610,2663,0,33
2551,5,2611,2664,0,33
2552,5,2612,2665,0,33
2553,5,2613,2666,0,33
2554,5,2614,2667,0,33
2555,5,2615,2668,0,33
2556,5,2616,2669,0,33
2557,5,2617,2670,0,33
2558,5,2618,2671,0,33
2559,5,2619,2672,0,33
2560,5,2620,2673,0,33
2561,5,2621,2674,0,33
2562,5,2622,2675,0,33
2563,5,2623,2676,0,33
2564,5,2624,2677,0,33
2565,5,2625,2678,0,33
2566,5,2626,2679,0,33
2567,5,2627,2680,0,33
2568,5,2628,2681,0,33
2569,5,2629,2682,0,33
2570,5,2630,2683,0,33
2571,5,2631,2684,0,33
2572,5,2632,2685,0,33
2573,5,2633,2686,0,33
2574,5,2634,2687,0,33
2575,5,2635,2688,0,34
2576,5,2636,2689,0,34
2577,5,2637,2690,0,33
2578,5,2638,2691,0,33
2579,5,2639,2692,0,33
2580,5,2640,2693,0,33
2581,5,2641,2694,0,33
2582,5,2642,2695,0,33
2583,5,2643,2696,0,33
2584,5,2644,2697,0,33
2585,5,2645,2698,0,33
2586,5,2646,2699,0,33
2587,5,2647,2700,0,33
2588,5,2648,2701,0,33
2589,5,2649,2702,0,33
2590,5,2650,2703,0,33
2591,5,2651,2704,0,33
2592,5,2652,2705,0,33
2593,5,2653,2706,0,33
2594,5,2654,2707,0,33
2595,5,2655,2708,0,33
2596,5,2656,2709,0,33
2597,5,2657,2710,0,33
2598,5,2658,2711,0,33
2599,5,2659,2712,0,33
2600,5,2660,2713,0,33
2601,5,2661,2714,0,33
2602,5,2662,2715,0,33
2603,5,2663,2716,0,32
2604,5,2664,2717,0,32
2605,5,2665,2718,0,32
2606,5,2666,2719,0,32
2607,5,2667,2720,0,32
2608,5,2668,2721,0,32
2609,5,2669,2722,0,32
2610,5,2670,2723,0,32
2611,5,2671,2724,0,33
2612,5,2672,2725,0,33
2613,5,2673,2726,0,33
2614,5,2674,2727,0,33
2615,5,2675,2728,0,33
2616,5,2676,2729,0,33
2617,5,2677,2730,0,33
2618,5,2678,2731,0,33
2619,5,2679,2732,0,33
2620,5,2680,2733,0,33
2621,5,2681,2734,0,33
2622,5,2682,2735,0,33
2623,5,2683,2736,0,33
2624,5,2684,2737,0,33
2625,5,2685,2738,0,33
2626,5,2686,2739,0,33
2627,5,2687,2740,0,33
2628,5,2688,2741,0,33
2629,5,2689,2742,0,33
2630,5,2690,2743,0,33
2631,5,2691,2744,0,33
2632,5,2692,2745,0,33
2633,5,2693,2746,0,33
2634,5,2694,2747,0,33
2635,5,2695,2748,0,33
2636,5,2696,2749,0,33
2637,5,2697,2750,0,34
2638,5,2698,2751,0,34
2639,5,2699,2752,0,33
2640,5,2700,2753,0,33
2641,5,2701,2754,0,33
2642,5,2702,2755,0,33
2643,5,2703,2756,0,33
2644,5,2704,2757,0,33
2645,5,2705,2758,0,33
2646,5,2706,2759,0,33
2647,5,2707,2760,0,33
2648,5,2708,2761,0,33
2649,5,2709,2762,0,33
2650,5,2710,2763,0,33
2651,5,2711,2764,0,33
2652,5,2712,2765,0,33
2653,5,2713,2766,0,33
2654,5,2714,2767,0,33
2655,5,2715,2768,0,33
2656,5,2716,2769,0,33
2657,5,2717,2770,0,33
2658,5,2718,2771,0,33
2659,5,2719,2772,0,33
2660,5,2720,2773,0,33
2661,5,2721,2774,0,33
2662,5,2722,2775,0,33
2663,5,2723,2776,0,33
2664,5,2724,2777,0,33
2665,5,2725,2778,0,32
2666,5,2726,2779,0,32
2667,5,2727,2780,0,32
2668,5,2728,2781,0,32
2669,5,2729,2782,0,32
2670,5,2730,2783,0,32
2671,5,2731,2784,0,32
2672,5,2732,2785,0,32
2673,5,2733,2786,0,33
2674,5,2734,2787,0,33
2675,5,2735,2788,0,33
2676,5,2736,2789,0,33
2677,5,2737,2790,0,33
2678,5,2738,2791,0,33
2679,5,2739,2792,0,33
2680,5,2740,2793,0,33
2681,5,2741,2794,0,33
2682,5,2742,2795,0,33
2683,5,2743,2796,0,33
2684,5,2744,2797,0,33
2685,5,2745,2798,0,33
2686,5,2746,2799,0,33
2687,5,2747,2800,0,33
2688,5,2748,2801,0,33
2689,5,2749,2802,0,33
2690,5,2750,2803,0,33
2691,5,2751,2804,0,33
2692,5,2752,2805,0,33
2693,5,2753,2806,0,33
2694,5,2754,2807,0,33
2695,5,2755,2808,0,33
2696,5,2756,2809,0,33
2697,5,2757,2810,0,33
2698,5,2758,2811,0,33
2699,5,2759,2812,0,34
2700,5,2760,2813,0,34
2701,5,2761,2814,0,33
2702,5,2762,2815,0,33
2703,5,2763,2816,0,33
2704,5,2764,2817,0,33
2705,5,2765,2818,0,33
2706,5,2766,2819,0,33
2707,5,2767,2820,0,33
2708,5,2768,2821,0,33
2709,5,2769,2822,0,33
2710,5,2770,2823,0,33
2711,5,2771,2824,0,33
2712,5,2772,2825,0,33
2713,5,2773,2826,0,33
2714,5,2774,2827,0,33
2715,5,2775,2828,0,33
2716,5,2776,2829,0,33
2717,5,2777,2830,0,33
2718,5,2778,2831,0,33
2719,5,2779,2832,0,33
2720,5,2780,2833,0,33
2721,5,2781,2834,0,33
2722,5,2782,2835,0,33
2723,5,2783,2836,0,33
2724,5,2784,2837,0,33
2725,5,2785,2838,0,33
2726,5,2786,2839,0,33
2727,5,2787,2840,0,32
2728,5,2788,2841,0,32
2729,5,2789,2842,0,32
2730,5,2790,2843,0,32
2731,5,2791,2844,0,32
2732,5,2792,2845,0,32
2733,5,2793,2846,0,32
2734,5,2794,2847,0,32
2735,5,2795,2848,0,33
2736,5,2796,2849,0,33
2737,5,2797,2850,0,33
2738,5,2798,2851,0,33
2739,5,2799,2852,0,33
2740,5,2800,2853,0,33
2741,5,2801,2854,0,33
2742,5,2802,2855,0,33
2743,5,2803,2856,0,33
2744,5,2804,2857,0,33
2745,5,2805,2858,0,33
2746,5,2806,2859,0,33
2747,5,2807,2860,0,33
2748,5,2808,2861,0,33
2749,5,2809,2862,0,33
2750,5,2810,2863,0,33
2751,5,2811,2864,0,33
2752,5,2812,2865,0,33
2753,5,2813,2866,0,33
2754,5,2814,2867,0,33
2755,5,2815,2868,0,33
2756,5,2816,2869,0,33
2757,5,2817,2870,0,33
2758,5,2818,2871,0,33
2759,5,2819,2872,0,33
2760,5,2820,2873,0,33
2761,5,2821,2874,0,34
2762,5,2822,2875,0,34
2763,5,2823,2876,0,33
2764,5,2824,2877,0,33
2765,5,2825,2878,0,33
2766,5,2826,2879,0,33
2767,5,2827,2880,0,33
2768,5,2828,2881,0,33
2769,5,2829,2882,0,33
2770,5,2830,2883,0,33
2771,5,2831,2884,0,33
2772,5,2832,2885,0,33
2773,5,2833,2886,0,33
2774,5,2834,2887,0,33
2775,5,2835,2888,0,33
2776,5,2836,2889,0,33
2777,5,2837,2890,0,33
2778,5,2838,2891,0,33
2779,5,2839,2892,0,33
2780,5,2840,2893,0,33
2781,5,2841,2894,0,33
2782,5,2842,2895,0,33
2783,5,2843,2896,0,33
2784,5,2844,2897,0,33
2785,5,2845,2898,0,33
2786,5,2846,2899,0,33
2787,5,2847,2900,0,33
2788,5,2848,2901,0,33
2789,5,2849,2902,0,32
2790,5,2850,2903,0,32
2791,5,2851,2904,0,32
2792,5,2852,2905,0,32
2793,5,2853,2906,0,32
2794,5,2854,2907,0,32
2795,5,2855,2908,0,32
2796,5,2856,2909,0,32
2797,5,2857,2910,0,33
2798,5,2858,2911,0,33
2799,5,2859,2912,0,33
2800,5,2860,2913,0,33
2801,5,2861,2914,0,33
2802,5,2862,2915,0,33
2803,5,2863,2916,0,33
2804,5,2864,2917,0,33
2805,5,2865,2918,0,33
2806,5,2866,2919,0,33
2807,5,2867,2920,0,33
2808,5,2868,2921,0,33
2809,5,2869,2922,0,33
2810,5,2870,2923,0,33
2811,5,2871,2924,0,33
2812,5,2872,2925,0,33
2813,5,2873,2926,0,33
2814,5,2874,2927,0,33
2815,5,2875,2928,0,33
2816,5,2876,2929,0,33
2817,5,2877,2930,0,33
2818,5,2878,2931,0,33
2819,5,2879,2932,0,33
2820,5,2880,2933,0,33
2821,5,2881,2934,0,33
2822,5,2882,2935,0,33
2823,5,2883,2936,0,34
2824,5,2884,2937,0,34
2825,5,2885,2938,0,33
2826,5,2886,2939,0,33
2827,5,2887,2940,0,33
2828,5,2888,2941,0,33
2829,5,2889,2942,0,33
2830,5,2890,2943,0,33
2831,5,2891,2944,0,33
2832,5,2892,2945,0,33
2833,5,2893,2946,0,33
2834,5,2894,2947,0,33
2835,5,2895,2948,0,33
2836,5,2896,2949,0,33
2837,5,2897,2950,0,33
2838,5,2898,2951,0,33
2839,5,2899,2952,0,33
2840,5,2900,2953,0,33
2841,5,2901,2954,0,33
2842,5,2902,2955,0,33
2843,5,2903,2956,0,33
2844,5,2904,2957,0,33
2845,5,2905,2958,0,33
2846,5,2906,2959,0,33
2847,5,2907,2960,0,33
2848,5,2908,2961,0,33
2849,5,2909,2962,0,33
2850,5,2910,2963,0,33
2851,5,2911,2964,0,32
2852,5,2912,2965,0,32
2853,5,2913,2966,0,32
2854,5,2914,2967,0,32
2855,5,2915,2968,0,32
2856,5,2916,2969,0,32
2857,5,2917,2970,0,32
2858,5,2918,2971,0,32
2859,5,2919,2972,0,33
2860,5,2920,2973,0,33
2861,5,2921,2974,0,33
2862,5,2922,2975,0,33
2863,5,2923,2976,0,33
2864,5,2924,2977,0,33
2865,5,2925,2978,0,33
2866,5,2926,2979,0,33
2867,5,2927,2980,0,33
2868,5,2928,2981,0,33
2869,5,2929,2982,0,33
2870,5,2930,2983,0,33
2871,5,2931,2984,0,33
2872,5,2932,2985,0,33
2873,5,2933,2986,0,33
2874,5,2934,2987,0,33
2875,5,2935,2988,0,33
2876,5,2936,2989,0,33
2877,5,2937,2990,0,33
2878,5,2938,2991,0,33
2879,5,2939,2992,0,33
2880,5,2940,2993,0,33
2881,5,2941,2994,0,33
2882,5,2942,2995,0,33
2883,5,2943,2996,0,33
2884,5,2944,2997,0,33
2885,5,2945,2998,0,34
2886,5,2946,2999,0,34
2887,5,2947,3000,0,33
2888,5,2948,3001,0,33
2889,5,2949,3002,0,33
2890,5,2950,3003,0,33
2891,5,2951,3004,0,33
2892,5,2952,3005,0,33
2893,5,2953,3006,0,33
2894,5,2954,3007,0,33
2895,5,2955,3008,0,33
2896,5,2956,3009,0,33
2897,5,2957,3010,0,33
2898,5,2958,3011,0,33
2899,5,2959,3012,0,33
2900,5,2960,3013,0,33
2901,5,2961,3014,0,33
2902,5,2962,3015,0,33
2903,5,2963,3016,0,33
2904,5,2964,3017,0,33
2905,5,2965,3018,0,33
2906,5,2966,3019,0,33
2907,5,2967,3020,0,33
2908,5,2968,3021,0,33
2909,5,2969,3022,0,33
2910,5,2970,3023,0,33
2911,5,2971,3024,0,33
2912,5,2972,3025,0,33
2913,5,2973,3026,0,32
2914,5,2974,3027,0,32
2915,5,2975,3028,0,32
2916,5,2976,3029,0,32
2917,5,2977,3030,0,35
2918,5,2978,3031,0,35
2919,5,2979,3032,0,35
2920,5,2980,3033,0,35
2921,5,2981,3034,0,35
2922,5,2982,3035,0,35
2923,5,2983,3036,0,35
2924,5,2984,3037,0,35
2925,5,2985,3038,0,35
2926,5,2986,3039,0,35
2927,5,2987,3040,0,35
2928,5,2988,3041,0,35
2929,5,2989,3042,0,35
2930,5,2990,3043,0,35
2931,5,2991,3044,0,35
2932,5,2992,3045,0,35
2933,5,2993,3046,0,35
2934,5,2994,3047,0,35
2935,5,2995,3048,0,35
2936,5,2996,3049,0,35
2937,5,2997,3050,0,35
2938,5,2998,3051,0,35
2939,5,2999,3052,0,35
2940,5,3000,3053,0,35
2941,5,3001,3054,0,35
2942,5,3002,3055,0,35
2943,5,3003,3056,0,35
2944,5,3004,3057,0,35
2945,5,3005,3058,0,35
2946,5,3006,3059,0,35
2947,5,3007,3060,0,35
2948,5,3008,3061,0,35
2949,5,3009,3062,0,35
2950,5,3010,3063,0,35
2951,5,3011,3064,0,35
2952,5,3012,3065,0,35
2953,5,3013,3066,0,35
2954,5,3014,3067,0,35
2955,5,3015,3068,0,35
2956,5,3016,3069,0,35
2957,5,3017,3070,0,35
2958,5,3018,3071,0,35
2959,5,3019,3072,0,35
2960,5,3020,3073,0,35
2961,5,3021,3074,0,35
2962,5,3022,3075,0,35
2963,5,3023,3076,0,35
2964,5,3024,3077,0,35
2965,6,3025,3078,0,
2966,6,3026,3079,0,
2967,6,3027,3080,0,
2968,6,3028,3081,0,
2969,6,3029,3082,0,
2970,6,3030,3083,0,
2971,6,3031,3084,0,
2972,6,3032,3085,0,
2973,6,3033,3086,0,
2974,6,3034,3087,0,
2975,6,3035,3088,0,
2976,6,3036,3089,0,
2977,6,3037,3090,0,
2978,6,3038,3091,0,
2979,6,3039,3092,0,
2980,6,3040,3093,0,
2981,6,3041,3094,0,
2982,6,3042,3095,0,
2983,6,3043,3096,0,
2984,6,3044,3097,0,
2985,6,3045,3098,0,
2986,6,3046,3099,0,
2987,6,3047,3100,0,
2988,6,3048,3101,0,
2989,6,3049,3102,0,
2990,6,3050,3103,0,
2991,6,3051,3104,0,
2992,6,3052,3105,0,
2993,6,3053,3106,0,
2994,6,3054,3107,0,
2995,6,3055,3108,0,
2996,6,3056,3109,0,
2997,6,3057,3110,0,
2998,6,3058,3111,0,
2999,6,3059,3112,0,
3000,6,3060,3113,0,
3001,6,3061,3114,0,
3002,6,3062,3115,0,
3003,6,3063,3116,0,
3004,6,3064,3117,0,
3005,6,3065,3118,0,
3006,6,3066,3119,0,
3007,6,3067,3120,0,
3008,6,3068,3121,0,
3009,6,3069,3122,0,
3010,6,3070,3123,0,
3011,6,3071,3124,0,
3012,6,3072,3125,0,
3013,6,3073,3126,0,
3014,6,3074,3127,0,
3015,6,3075,3128,0,
3016,6,3076,3129,0,
3017,6,3077,3130,0,
3018,6,3078,3131,0,
3019,6,3079,3132,0,
3020,6,3080,3133,0,
3021,6,3081,3134,0,
3022,6,3082,3135,0,
3023,6,3083,3136,0,
3024,6,3084,3137,0,
3025,6,3085,3138,0,
3026,6,3086,3139,0,
3027,6,3087,3140,0,
3028,6,3088,3141,0,
3029,6,3089,3142,0,
3030,6,3090,3143,0,
3031,6,3091,3144,0,
3032,6,3092,3145,0,
3033,6,3093,3146,0,
3034,6,3094,3147,0,
3035,6,3095,3148,0,
3036,6,3096,3149,0,
3037,6,3097,3150,0,
3038,6,3098,3151,0,
3039,6,3099,3152,0,
3040,6,3100,3153,0,
3041,6,3101,3154,0,
3042,6,3102,3155,0,
3043,6,3103,3156,0,
3044,6,3104,3157,0,
3045,6,3105,3158,0,
3046,6,3106,3159,0,
3047,6,3107,3160,0,
3048,6,3108,3161,0,
3049,6,3109,3162,0,
3050,6,3110,3163,0,
3051,6,3111,3164,0,
3052,6,3112,3165,0,
3053,6,3113,3166,0,
3054,6,3114,3167,0,
3055,6,3115,3168,0,
3056,6,3116,3169,0,
3057,6,3117,3170,0,
3058,6,3118,3171,0,
3059,6,3119,3172,0,
3060,6,3120,3173,0,
3061,6,3121,3174,0,
3062,6,3122,3175,0,
3063,6,3123,3176,0,
3064,6,3124,3177,0,
3065,6,3125,3178,0,
3066,6,3126,3179,0,
3067,6,3127,3180,0,
3068,6,3128,3181,0,
3069,6,3129,3182,0,
3070,6,3130,3183,0,
3071,6,3131,3184,0,
3072,6,3132,3185,0,
3073,6,3133,3186,0,
3074,6,3134,3187,0,
3075,6,3135,3188,0,
3076,6,3136,3189,0,
3077,6,3137,3190,0,
3078,6,3138,3191,0,
3079,6,3139,3192,0,
3080,6,3140,3193,0,
3081,6,3141,3194,0,
3082,6,3142,3195,0,
3083,6,3143,3196,0,
3084,6,3144,3197,0,
3085,6,3145,3198,0,
3086,6,3146,3199,0,
3087,6,3147,3200,0,
3088,6,3148,3201,0,
3089,6,3149,3202,0,
3090,6,3150,3203,0,
3091,6,3151,3204,0,
3092,6,3152,3205,0,
3093,6,3153,3206,0,
3094,6,3154,3207,0,
3095,6,3155,3208,0,
3096,6,3156,3209,0,
3097,6,3157,3210,0,
3098,6,3158,3211,0,
3099,6,3159,3212,0,
3100,6,3160,3213,0,
3101,6,3161,3214,0,
3102,6,3162,3215,0,
3103,6,3163,3216,0,
3104,6,3164,3217,0,
3105,6,3165,3218,0,
3106,6,3166,3219,0,
3107,6,3167,3220,0,
3108,6,3168,3221,0,
3109,6,3169,3222,0,
3110,6,3170,3223,0,
3111,6,3171,3224,0,
3112,6,3172,3225,0,
3113,6,3173,3226,0,
3114,6,3174,3227,0,
3115,6,3175,3228,0,
3116,6,3176,3229,0,
3117,6,3177,3230,0,
3118,6,3178,3231,0,
3119,6,3179,3232,0,
3120,6,3180,3233,0,
3121,6,3181,3234,0,
3122,6,3182,3235,0,
3123,6,3183,3236,0,
3124,6,3184,3237,0,
3125,6,3185,3238,0,
3126,6,3186,3239,0,
3127,6,3187,3240,0,
3128,6,3188,3241,0,
3129,6,3189,3242,0,
3130,6,3190,3243,0,
3131,6,3191,3244,0,
3132,6,3192,3245,0,
3133,6,3193,3246,0,
3134,6,3194,3247,0,
3135,6,3195,3248,0,
3136,6,3196,3249,0,
3137,6,3197,3250,0,
3138,6,3198,3251,0,
3139,6,3199,3252,0,
3140,6,3200,3253,0,
3141,6,3201,3254,0,
3142,6,3202,3255,0,
3143,6,3203,3256,0,
3144,6,3204,3257,0,
3145,6,3205,3258,0,
3146,6,3206,3259,0,
3147,6,3207,3260,0,
3148,6,3208,3261,0,
3149,6,3209,3262,0,
3150,6,3210,3263,0,
3151,6,3211,3264,0,
3152,6,3212,3265,0,
3153,6,3213,3266,0,
3154,6,3214,3267,0,
3155,6,3215,3268,0,
3156,6,3216,3269,0,
3157,6,3217,3270,0,
3158,6,3218,3271,0,
3159,6,3219,3272,0,
3160,6,3220,3273,0,
3161,6,3221,3274,0,
3162,6,3222,3275,0,
3163,6,3223,3276,0,
3164,6,3224,3277,0,
3165,6,3225,3278,0,
3166,6,3226,3279,0,
3167,6,3227,3280,0,
3168,6,3228,3281,0,
3169,6,3229,3282,0,
3170,6,3230,3283,0,
3171,6,3231,3284,0,
3172,6,3232,3285,0,
3173,6,3233,3286,0,
3174,6,3234,3287,0,
3175,6,3235,3288,0,
3176,6,3236,3289,0,
3177,6,3237,3290,0,
3178,6,3238,3291,0,
3179,6,3239,3292,0,
3180,6,3240,3293,0,
3181,6,3241,3294,0,
3182,6,3242,3295,0,
3183,6,3243,3296,0,
3184,6,3244,3297,0,
3185,6,3245,3298,0,
3186,6,3246,3299,0,
3187,6,3247,3300,0,
3188,6,3248,3301,0,
3189,6,3249,3302,0,
3190,6,3250,3303,0,
3191,6,3251,3304,0,
3192,6,3252,3305,0,
3193,6,3253,3306,0,
3194,6,3254,3307,0,
3195,6,3255,3308,0,
3196,6,3256,3309,0,
3197,6,3257,3310,0,
3198,6,3258,3311,0,
3199,6,3259,3312,0,
3200,6,3260,3313,0,
3201,6,3261,3314,0,
3202,6,3262,3315,0,
3203,6,3263,3316,0,
3204,6,3264,3317,0,
3205,6,3265,3318,0,
3206,6,3266,3319,0,
3207,6,3267,3320,0,
3208,6,3268,3321,0,
3209,6,3269,3322,0,
3210,6,3270,3323,0,
3211,6,3271,3324,0,
3212,6,3272,3325,0,
3213,6,3273,3326,0,
3214,6,3274,3327,0,
3215,6,3275,3328,0,
3216,6,3276,3329,0,
3217,6,3277,3330,0,
3218,6,3278,3331,0,
3219,6,3279,3332,0,
3220,6,3280,3333,0,
3221,6,3281,3334,0,
3222,6,3282,3335,0,
3223,6,3283,3336,0,
3224,6,3284,3337,0,
3225,6,3285,3338,0,
3226,6,3286,3339,0,
3227,6,3287,3340,0,
3228,6,3288,3341,0,
3229,6,3289,3342,0,
3230,6,3290,3343,0,
3231,6,3291,3344,0,
3232,6,3292,3345,0,
3233,6,3293,3346,0,
3234,6,3294,3347,0,
3235,6,3295,3348,0,
3236,6,3296,3349,0,
3237,6,3297,3350,0,
3238,6,3298,3351,0,
3239,6,3299,3352,0,
3240,6,3300,3353,0,
3241,6,3301,3354,0,
3242,6,3302,3355,0,
3243,6,3303,3356,0,
3244,6,3304,3357,0,
3245,6,3305,3358,0,
3246,6,3306,3359,0,
3247,6,3307,3360,0,
3248,6,3308,3361,0,
3249,6,3309,3362,0,
3250,6,3310,3363,0,
3251,6,3311,3364,0,
3252,6,3312,3365,0,
3253,6,3313,3366,0,
3254,6,3314,3367,0,
3255,6,3315,3368,0,
3256,6,3316,3369,0,
3257,6,3317,3370,0,
3258,6,3318,3371,0,
3259,6,3319,3372,0,
3260,6,3320,3373,0,
3261,6,3321,3374,0,
3262,6,3322,3375,0,
3263,6,3323,3376,0,
3264,6,3324,3377,0,
3265,6,3325,3378,0,
3266,6,3326,3379,0,
3267,6,3327,3380,0,
3268,6,3328,3381,0,
3269,6,3329,3382,0,
3270,6,3330,3383,0,
3271,6,3331,3384,0,
3272,6,3332,3385,0,
3273,6,3333,3386,0,
3274,6,3334,3387,0,
3275,6,3335,3388,0,
3276,6,3336,3389,0,
3277,6,3337,3390,0,
3278,6,3338,3391,0,
3279,6,3339,3392,0,
3280,6,3340,3393,0,
3281,6,3341,3394,0,
3282,6,3342,3395,0,
3283,6,3343,3396,0,
3284,6,3344,3397,0,
3285,6,3345,3398,0,
3286,6,3346,3399,0,
3287,6,3347,3400,0,
3288,6,3348,3401,0,
3289,6,3349,3402,0,
3290,6,3350,3403,0,
3291,6,3351,3404,0,
3292,6,3352,3405,0,
3293,6,3353,3406,0,
3294,6,3354,3407,0,
3295,6,3355,3408,0,
3296,6,3356,3409,0,
3297,6,3357,3410,0,
3298,6,3358,3411,0,
3299,6,3359,3412,0,
3300,6,3360,3413,0,
3301,6,3361,3414,0,
3302,6,3362,3415,0,
3303,6,3363,3416,0,
3304,6,3364,3417,0,
3305,6,3365,3418,0,
3306,6,3366,3419,0,
3307,6,3367,3420,0,
3308,6,3368,3421,0,
3309,6,3369,3422,0,
3310,6,3370,3423,0,
3311,6,3371,3424,0,
3312,6,3372,3425,0,
3313,6,3373,3426,0,
3314,6,3374,3427,0,
3315,6,3375,3428,0,
3316,6,3376,3429,0,
3317,6,3377,3430,0,
3318,6,3378,3431,0,
3319,6,3379,3432,0,
3320,6,3380,3433,0,
3321,6,3381,3434,0,
3322,6,3382,3435,0,
3323,6,3383,3436,0,
3324,6,3384,3437,0,
3325,6,3385,3438,0,
3326,6,3386,3439,0,
3327,6,3387,3440,0,
3328,6,3388,3441,0,
3329,6,3389,3442,0,
3330,6,3390,3443,0,
3331,6,3391,3444,0,
3332,6,3392,3445,0,
3333,6,3393,3446,0,
3334,6,3394,3447,0,
3335,6,3395,3448,0,
3336,6,3396,3449,0,
3337,6,3397,3450,0,
3338,6,3398,3451,0,
3339,6,3399,3452,0,
3340,6,3400,3453,0,
3341,6,3401,3454,0,
3342,6,3402,3455,0,
3343,6,3403,3456,0,
3344,6,3404,3457,0,
3345,6,3405,3458,0,
3346,6,3406,3459,0,
3347,6,3407,3460,0,
3348,6,3408,3461,0,
3349,6,3409,3462,0,
3350,6,3410,3463,0,
3351,6,3411,3464,0,
3352,6,3412,3465,0,
3353,6,3413,3466,0,
3354,6,3414,3467,0,
3355,6,3415,3468,0,
3356,6,3416,3469,0,
3357,6,3417,3470,0,
3358,6,3418,3471,0,
3359,6,3419,3472,0,
3360,6,3420,3473,0,
3361,6,3421,3474,0,
3362,6,3422,3475,0,
3363,6,3423,3476,0,
3364,6,3424,3477,0,
3365,6,3425,3478,0,
3366,6,3426,3479,0,
3367,6,3427,3480,0,
3368,6,3428,3481,0,
3369,6,3429,3482,0,
3370,6,3430,3483,0,
3371,6,3431,3484,0,
3372,6,3432,3485,0,
3373,6,3433,3486,0,
3374,6,3434,3487,0,
3375,6,3435,3488,0,
3376,6,3436,3489,0,
3377,6,3437,3490,0,
3378,6,3438,3491,0,
3379,6,3439,3492,0,
3380,6,3440,3493,0,
3381,6,3441,3494,0,
3382,6,3442,3495,0,
3383,6,3443,3496,0,
3384,6,3444,3497,0,
3385,6,3445,3498,0,
3386,6,3446,3499,0,
3387,6,3447,3500,0,
3388,6,3448,3501,0,
3389,6,3449,3502,0,
3390,6,3450,3503,0,
3391,6,3451,3504,0,
3392,6,3452,3505,0,
3393,6,3453,3506,0,
3394,6,3454,3507,0,
3395,6,3455,3508,0,
3396,6,3456,3509,0,
3397,6,3457,3510,0,
3398,6,3458,3511,0,
3399,6,3459,3512,0,
3400,6,3460,3513,0,
3401,6,3461,3514,0,
3402,6,3462,3515,0,
3403,6,3463,3516,0,
3404,6,3464,3517,0,
3405,6,3465,3518,0,
3406,6,3466,3519,0,
3407,6,3467,3520,0,
3408,6,3468,3521,0,
3409,6,3469,3522,0,
3410,6,3470,3523,0,
3411,6,3471,3524,0,
3412,6,3472,3525,0,
3413,6,3473,3526,0,
3414,6,3474,3527,0,
3415,6,3475,3528,0,
3416,6,3476,3529,0,
3417,6,3477,3530,0,
3418,6,3478,3531,0,
3419,6,3479,3532,0,
3420,6,3480,3533,0,
3421,6,3481,3534,0,
3422,6,3482,3535,0,
3423,6,3483,3536,0,
3424,6,3484,3537,0,
3425,6,3485,3538,0,
3426,6,3486,3539,0,
3427,6,3487,3540,0,
3428,6,3488,3541,0,
3429,6,3489,3542,0,
3430,6,3490,3543,0,
3431,6,3491,3544,0,
3432,6,3492,3545,0,
3433,6,3493,3546,0,
3434,6,3494,3547,0,
3435,6,3495,3548,0,
3436,6,3496,3549,0,
3437,6,3497,3550,0,
3438,6,3498,3551,0,
3439,6,3499,3552,0,
3440,6,3500,3553,0,
3441,6,3501,3554,0,
3442,6,3502,3555,0,
3443,6,3503,3556,0,
3444,6,3504,3557,0,
3445,6,3505,3558,0,
3446,6,3506,3559,0,
3447,6,3507,3560,0,
3448,6,3508,3561,0,
3449,6,3509,3562,0,
3450,6,3510,3563,0,
3451,6,3511,3564,0,
3452,6,3512,3565,0,
3453,6,3513,3566,0,
3454,6,3514,3567,0,
3455,6,3515,3568,0,
3456,6,3516,3569,0,
3457,6,3517,3570,0,
3458,6,3518,3571,0,
3459,6,3519,3572,0,
3460,6,3520,3573,0,
3461,6,3521,3574,0,
3462,6,3522,3575,0,
3463,6,3523,3576,0,
3464,6,3524,3577,0,
3465,6,3525,3578,0,
3466,6,3526,3579,0,
3467,6,3527,3580,0,
3468,6,3528,3581,0,
3469,6,3529,3582,0,
3470,6,3530,3583,0,
3471,6,3531,3584,0,
3472,6,3532,3585,0,
3473,6,3533,3586,0,
3474,6,3534,3587,0,
3475,6,3535,3588,0,
3476,6,3536,3589,0,
3477,6,3537,3590,0,
3478,6,3538,3591,0,
3479,6,3539,3592,0,
3480,6,3540,3593,0,
3481,6,3541,3594,0,
3482,6,3542,3595,0,
3483,6,3543,3596,0,
3484,6,3544,3597,0,
3485,6,3545,3598,0,
3486,6,3546,3599,0,
3487,6,3547,3600,0,
3488,6,3548,3601,0,
3489,6,3549,3602,0,
3490,6,3550,3603,0,
3491,6,3551,3604,0,
3492,6,3552,3605,0,
3493,6,3553,3606,0,
3494,6,3554,3607,0,
3495,6,3555,3608,0,
3496,6,3556,3609,0,
3497,6,3557,3610,0,
3498,6,3558,3611,0,
3499,6,3559,3612,0,
3500,6,3560,3613,0,
3501,6,3561,3614,0,
3502,6,3562,3615,0,
3503,6,3563,3616,0,
3504,6,3564,3617,0,
3505,6,3565,3618,0,
3506,6,3566,3619,0,
3507,6,3567,3620,0,
3508,6,3568,3621,0,
3509,6,3569,3622,0,
3510,6,3570,3623,0,
3511,6,3571,3624,0,
3512,6,3572,3625,0,
3513,6,3573,3626,0,
3514,6,3574,3627,0,
3515,6,3575,3628,0,
3516,6,3576,3629,0,
3517,6,3577,3630,0,
3518,6,3578,3631,0,
3519,6,3579,3632,0,
3520,6,3580,3633,0,
3521,6,3581,3634,0,
3522,6,3582,3635,0,
3523,6,3583,3636,0,
3524,6,3584,3637,0,
3525,6,3585,3638,0,
3526,6,3586,3639,0,
3527,6,3587,3640,0,
3528,6,3588,3641,0,
3529,6,3589,3642,0,
3530,6,3590,3643,0,
3531,6,3591,3644,0,
3532,6,3592,3645,0,
3533,6,3593,3646,0,
3534,6,3594,3647,0,
3535,6,3595,3648,0,
3536,6,3596,3649,0,
3537,6,3597,3650,0,
3538,6,3598,3651,0,
3539,6,3599,3652,0,
3540,6,3600,3653,0,
3541,6,3601,3654,0,
3542,6,3602,3655,0,
3543,6,3603,3656,0,
3544,6,3604,3657,0,
3545,6,3605,3658,0,
3546,6,3606,3659,0,
3547,6,3607,3660,0,
3548,6,3608,3661,0,
3549,6,3609,3662,0,
3550,6,3610,3663,0,
3551,6,3611,3664,0,
3552,6,3612,3665,0,
3553,6,3613,3666,0,
3554,6,3614,3667,0,
3555,6,3615,3668,0,
3556,6,3616,3669,0,
3557,6,3617,3670,0,
3558,6,3618,3671,0,
3559,6,3619,3672,0,
3560,6,3620,3673,0,
3561,6,3621,3674,0,
3562,6,3622,3675,0,
3563,6,3623,3676,0,
3564,6,3624,3677,0,
3565,6,3625,3678,0,
3566,6,3626,3679,0,
3567,6,3627,3680,0,
3568,6,3628,3681,0,
3569,6,3629,3682,0,
3570,6,3630,3683,0,
3571,6,3631,3684,0,
3572,6,3632,3685,0,
3573,6,3633,3686,0,
3574,6,3634,3687,0,
3575,6,3635,3688,0,
3576,6,3636,3689,0,
3577,6,3637,3690,0,
3578,6,3638,3691,0,
3579,6,3639,3692,0,
3580,6,3640,3693,0,
3581,6,3641,3694,0,
3582,6,3642,3695,0,
3583,6,3643,3696,0,
3584,6,3644,3697,0,
3585,6,3645,3698,0,
3586,6,3646,3699,0,
3587,6,3647,3700,0,
3588,6,3648,3701,0,
3589,6,3649,3702,0,
3590,6,3650,3703,0,
3591,6,3651,3704,0,
3592,6,3652,3705,0,
3593,6,3653,3706,0,
3594,6,3654,3707,0,
3595,6,3655,3708,0,
3596,6,3656,3709,0,
3597,6,3657,3710,0,
3598,6,3658,3711,0,
3599,6,3659,3712,0,
3600,6,3660,3713,0,
3601,6,3661,3714,0,
3602,6,3662,3715,0,
3603,6,3663,3716,0,
3604,6,3664,3717,0,
3605,6,3665,3718,0,
3606,6,3666,3719,0,
3607,6,3667,3720,0,
3608,6,3668,3721,0,
3609,6,3669,3722,0,
3610,6,3670,3723,0,
3611,6,3671,3724,0,
3612,6,3672,3725,0,
3613,6,3673,3726,0,
3614,6,3674,3727,0,
3615,6,3675,3728,0,
3616,6,3676,3729,0,
3617,6,3677,3730,0,
3618,6,3678,3731,0,
3619,6,3679,3732,0,
3620,6,3680,3733,0,
3621,6,3681,3734,0,
3622,6,3682,3735,0,
3623,6,3683,3736,0,
3624,6,3684,3737,0,
3625,6,3685,3738,0,
3626,6,3686,3739,0,
3627,6,3687,3740,0,
3628,6,3688,3741,0,
3629,6,3689,3742,0,
3630,6,3690,3743,0,
3631,6,3691,3744,0,
3632,6,3692,3745,0,
3633,6,3693,3746,0,
3634,6,3694,3747,0,
3635,6,3695,3748,0,
3636,6,3696,3749,0,
3637,6,3697,3750,0,
3638,7,3046,3099,0,
3639,7,3051,3104,0,
3640,7,3055,3108,0,
3641,7,3059,3112,0,
3642,7,3063,3116,0,
3643,7,3067,3120,0,
3644,7,3071,3124,0,
3645,7,3075,3128,0,
3646,7,3047,3100,0,
3647,7,3048,3101,0,
3648,7,3050,3103,0,
3649,7,3052,3105,0,
3650,7,3054,3107,0,
3651,7,3056,3109,0,
3652,7,3058,3111,0,
3653,7,3060,3113,0,
3654,7,3062,3115,0,
3655,7,3064,3117,0,
3656,7,3066,3119,0,
3657,7,3068,3121,0,
3658,7,3070,3123,0,
3659,7,3072,3125,0,
3660,7,3074,3127,0,
3661,7,3076,3129,0,
3662,7,3078,3131,0,
3663,7,3079,3132,0,
3664,7,3080,3133,0,
3665,7,3045,3098,0,
3666,7,3049,3102,0,
3667,7,3053,3106,0,
3668,7,3057,3110,0,
3669,7,3061,3114,0,
3670,7,3065,3118,0,
3671,7,3069,3122,0,
3672,7,3073,3126,0,
3673,7,3077,3130,0,
3674,7,3044,3097,0,
3675,7,3105,3158,0,
3676,7,3104,3157,0,
3677,7,3102,3155,0,
3678,7,3101,3154,0,
3679,7,3099,3152,0,
3680,7,3098,3151,0,
3681,7,3096,3149,0,
3682,7,3095,3148,0,
3683,7,3093,3146,0,
3684,7,3092,3145,0,
3685,7,3090,3143,0,
3686,7,3089,3142,0,
3687,7,3087,3140,0,
3688,7,3086,3139,0,
3689,7,3084,3137,0,
3690,7,3083,3136,0,
3691,7,3082,3135,0,
3692,7,3081,3134,0,
3693,7,3043,3096,0,
3694,7,3103,3156,0,
3695,7,3100,3153,0,
3696,7,3097,3150,0,
3697,7,3094,3147,0,
3698,7,3091,3144,0,
3699,7,3088,3141,0,
3700,7,3085,3138,0,
3701,7,3042,3095,0,
3702,7,3106,3159,0,
3703,7,3108,3161,0,
3704,7,3109,3162,0,
3705,7,3111,3164,0,
3706,7,3112,3165,0,
3707,7,3114,3167,0,
3708,7,3115,3168,0,
3709,7,3117,3170,0,
3710,7,3118,3171,0,
3711,7,3120,3173,0,
3712,7,3121,3174,0,
3713,7,3123,3176,0,
3714,7,3124,3177,0,
3715,7,3126,3179,0,
3716,7,3127,3180,0,
3717,7,3129,3182,0,
3718,7,3130,3183,0,
3719,7,3131,3184,0,
3720,7,3041,3094,0,
3721,7,3107,3160,0,
3722,7,3110,3163,0,
3723,7,3113,3166,0,
3724,7,3116,3169,0,
3725,7,3119,3172,0,
3726,7,3122,3175,0,
3727,7,3125,3178,0,
3728,7,3128,3181,0,
3729,7,3040,3093,0,
3730,7,3156,3209,0,
3731,7,3155,3208,0,
3732,7,3153,3206,0,
3733,7,3152,3205,0,
3734,7,3150,3203,0,
3735,7,3149,3202,0,
3736,7,3147,3200,0,
3737,7,3146,3199,0,
3738,7,3144,3197,0,
3739,7,3143,3196,0,
3740,7,3141,3194,0,
3741,7,3140,3193,0,
3742,7,3138,3191,0,
3743,7,3137,3190,0,
3744,7,3135,3188,0,
3745,7,3134,3187,0,
3746,7,3133,3186,0,
3747,7,3132,3185,0,
3748,7,3039,3092,0,
3749,7,3154,3207,0,
3750,7,3151,3204,0,
3751,7,3148,3201,0,
3752,7,3145,3198,0,
3753,7,3142,3195,0,
3754,7,3139,3192,0,
3755,7,3136,3189,0,
3756,7,3038,3091,0,
3757,7,3157,3210,0,
3758,7,3159,3212,0,
3759,7,3160,3213,0,
3760,7,3162,3215,0,
3761,7,3163,3216,0,
3762,7,3165,3218,0,
3763,7,3166,3219,0,
3764,7,3168,3221,0,
3765,7,3169,3222,0,
3766,7,3171,3224,0,
3767,7,3172,3225,0,
3768,7,3174,3227,0,
3769,7,3175,3228,0,
3770,7,3177,3230,0,
3771,7,3178,3231,0,
3772,7,3180,3233,0,
3773,7,3181,3234,0,
3774,7,3182,3235,0,
3775,7,3037,3090,0,
3776,7,3158,3211,0,
3777,7,3161,3214,0,
3778,7,3164,3217,0,
3779,7,3167,3220,0,
3780,7,3170,3223,0,
3781,7,3173,3226,0,
3782,7,3176,3229,0,
3783,7,3179,3232,0,
3784,7,3036,3089,0,
3785,7,3207,3260,0,
3786,7,3206,3259,0,
3787,7,3204,3257,0,
3788,7,3203,3256,0,
3789,7,3201,3254,0,
3790,7,3200,3253,0,
3791,7,3198,3251,0,
3792,7,3197,3250,0,
3793,7,3195,3248,0,
3794,7,3194,3247,0,
3795,7,3192,3245,0,
3796,7,3191,3244,0,
3797,7,3189,3242,0,
3798,7,3188,3241,0,
3799,7,3186,3239,0,
3800,7,3185,3238,0,
3801,7,3184,3237,0,
3802,7,3183,3236,0,
3803,7,3035,3088,0,
3804,7,3205,3258,0,
3805,7,3202,3255,0,
3806,7,3199,3252,0,
3807,7,3196,3249,0,
3808,7,3193,3246,0,
3809,7,3190,3243,0,
3810,7,3187,3240,0,
3811,7,3034,3087,0,
3812,7,3208,3261,0,
3813,7,3210,3263,0,
3814,7,3211,3264,0,
3815,7,3213,3266,0,
3816,7,3214,3267,0,
3817,7,3216,3269,0,
3818,7,3217,3270,0,
3819,7,3219,3272,0,
3820,7,3220,3273,0,
3821,7,3222,3275,0,
3822,7,3223,3276,0,
3823,7,3225,3278,0,
3824,7,3226,3279,0,
3825,7,3228,3281,0,
3826,7,3229,3282,0,
3827,7,3231,3284,0,
3828,7,3232,3285,0,
3829,7,3233,3286,0,
3830,7,3033,3086,0,
3831,7,3209,3262,0,
3832,7,3212,3265,0,
3833,7,3215,3268,0,
3834,7,3218,3271,0,
3835,7,3221,3274,0,
3836,7,3224,3277,0,
3837,7,3227,3280,0,
3838,7,3230,3283,0,
3839,7,3032,3085,0,
3840,7,3258,3311,0,
3841,7,3257,3310,0,
3842,7,3255,3308,0,
3843,7,3254,3307,0,
3844,7,3252,3305,0,
3845,7,3251,3304,0,
3846,7,3249,3302,0,
3847,7,3248,3301,0,
3848,7,3246,3299,0,
3849,7,3245,3298,0,
3850,7,3243,3296,0,
3851,7,3242,3295,0,
3852,7,3240,3293,0,
3853,7,3239,3292,0,
3854,7,3237,3290,0,
3855,7,3236,3289,0,
3856,7,3235,3288,0,
3857,7,3234,3287,0,
3858,7,3031,3084,0,
3859,7,3256,3309,0,
3860,7,3253,3306,0,
3861,7,3250,3303,0,
3862,7,3247,3300,0,
3863,7,3244,3297,0,
3864,7,3241,3294,0,
3865,7,3238,3291,0,
3866,7,3363,3416,0,
3867,7,3361,3414,0,
3868,7,3030,3083,0,
3869,7,3259,3312,0,
3870,7,3261,3314,0,
3871,7,3262,3315,0,
3872,7,3264,3317,0,
3873,7,3265,3318,0,
3874,7,3267,3320,0,
3875,7,3268,3321,0,
3876,7,3270,3323,0,
3877,7,3271,3324,0,
3878,7,3273,3326,0,
3879,7,3274,3327,0,
3880,7,3276,3329,0,
3881,7,3277,3330,0,
3882,7,3279,3332,0,
3883,7,3280,3333,0,
3884,7,3282,3335,0,
3885,7,3283,3336,0,
3886,7,3284,3337,0,
3887,7,3029,3082,0,
3888,7,3260,3313,0,
3889,7,3263,3316,0,
3890,7,3266,3319,0,
3891,7,3269,3322,0,
3892,7,3272,3325,0,
3893,7,3275,3328,0,
3894,7,3278,3331,0,
3895,7,3281,3334,0,
3896,7,3358,3411,0,
3897,7,3028,3081,0,
3898,7,3309,3362,0,
3899,7,3308,3361,0,
3900,7,3306,3359,0,
3901,7,3305,3358,0,
3902,7,3303,3356,0,
3903,7,3302,3355,0,
3904,7,3300,3353,0,
3905,7,3299,3352,0,
3906,7,3297,3350,0,
3907,7,3296,3349,0,
3908,7,3294,3347,0,
3909,7,3293,3346,0,
3910,7,3291,3344,0,
3911,7,3290,3343,0,
3912,7,3288,3341,0,
3913,7,3287,3340,0,
3914,7,3286,3339,0,
3915,7,3285,3338,0,
3916,7,3356,3409,0,
3917,7,3027,3080,0,
3918,7,3307,3360,0,
3919,7,3304,3357,0,
3920,7,3301,3354,0,
3921,7,3298,3351,0,
3922,7,3295,3348,0,
3923,7,3292,3345,0,
3924,7,3289,3342,0,
3925,7,3669,3722,0,
3926,7,3667,3720,0,
3927,7,3026,3079,0,
3928,7,3310,3363,0,
3929,7,3312,3365,0,
3930,7,3313,3366,0,
3931,7,3315,3368,0,
3932,7,3316,3369,0,
3933,7,3318,3371,0,
3934,7,3319,3372,0,
3935,7,3321,3374,0,
3936,7,3322,3375,0,
3937,7,3324,3377,0,
3938,7,3325,3378,0,
3939,7,3327,3380,0,
3940,7,3328,3381,0,
3941,7,3330,3383,0,
3942,7,3331,3384,0,
3943,7,3333,3386,0,
3944,7,3334,3387,0,
3945,7,3335,3388,0,
3946,7,3025,3078,0,
3947,7,3311,3364,0,
3948,7,3314,3367,0,
3949,7,3317,3370,0,
3950,7,3320,3373,0,
3951,7,3323,3376,0,
3952,7,3326,3379,0,
3953,7,3329,3382,0,
3954,7,3332,3385,0,
3955,7,3353,3406,0,
3956,7,3660,3713,0,
3957,7,3338,3391,0,
3958,7,3340,3393,0,
3959,7,3672,3725,0,
3960,7,3336,3389,0,
3961,7,3346,3399,0,
3962,7,3348,3401,0,
3963,7,3351,3404,0,
3964,7,3343,3396,0,
3965,7,3658,3711,0,
3966,7,3663,3716,0,
3967,7,3674,3727,0,
3968,7,3650,3703,0,
3969,7,3693,3746,0,
3970,7,3651,3704,0,
3971,7,3694,3747,0,
3972,7,3689,3742,0,
3973,7,3688,3741,0,
3974,7,3685,3738,0,
3975,7,3696,3749,0,
3976,7,3686,3739,0,
3977,7,3684,3737,0,
3978,7,3681,3734,0,
3979,7,3675,3728,0,
3980,7,3649,3702,0,
3981,7,3646,3699,0,
3982,7,3679,3732,0,
3983,7,3628,3681,0,
3984,7,3652,3705,0,
3985,7,3647,3700,0,
3986,7,3616,3669,0,
3987,7,3620,3673,0,
3988,7,3678,3731,0,
3989,7,3614,3667,0,
3990,7,3624,3677,0,
3991,7,3626,3679,0,
3992,7,3629,3682,0,
3993,7,3618,3671,0,
3994,7,3622,3675,0,
3995,7,3637,3690,0,
3996,7,3643,3696,0,
3997,7,3635,3688,0,
3998,7,3556,3609,0,
3999,7,3640,3693,0,
4000,7,3642,3695,0,
4001,7,3559,3612,0,
4002,7,3631,3684,0,
4003,7,3634,3687,0,
4004,7,3610,3663,0,
4005,7,3607,3660,0,
4006,7,3601,3654,0,
4007,7,3609,3662,0,
4008,7,3604,3657,0,
4009,7,3600,3653,0,
4010,7,3594,3647,0,
4011,7,3592,3645,0,
4012,7,3561,3614,0,
4013,7,3562,3615,0,
4014,7,3566,3619,0,
4015,7,3590,3643,0,
4016,7,3588,3641,0,
4017,7,3554,3607,0,
4018,7,3564,3617,0,
4019,7,3595,3648,0,
4020,7,3598,3651,0,
4021,7,3551,3604,0,
4022,7,3597,3650,0,
4023,7,3583,3636,0,
4024,7,3585,3638,0,
4025,7,3493,3546,0,
4026,7,3527,3580,0,
4027,7,3545,3598,0,
4028,7,3574,3627,0,
4029,7,3576,3629,0,
4030,7,3580,3633,0,
4031,7,3495,3548,0,
4032,7,3577,3630,0,
4033,7,3522,3575,0,
4034,7,3542,3595,0,
4035,7,3538,3591,0,
4036,7,3497,3550,0,
4037,7,3540,3593,0,
4038,7,3524,3577,0,
4039,7,3537,3590,0,
4040,7,3528,3581,0,
4041,7,3499,3552,0,
4042,7,3501,3554,0,
4043,7,3521,3574,0,
4044,7,3531,3584,0,
4045,7,3498,3551,0,
4046,7,3491,3544,0,
4047,7,3534,3587,0,
4048,7,3536,3589,0,
4049,7,3518,3571,0,
4050,7,3489,3542,0,
4051,7,3503,3556,0,
4052,7,3429,3482,0,
4053,7,3431,3484,0,
4054,7,3485,3538,0,
4055,7,3464,3517,0,
4056,7,3506,3559,0,
4057,7,3465,3518,0,
4058,7,3507,3560,0,
4059,7,3432,3485,0,
4060,7,3434,3487,0,
4061,7,3469,3522,0,
4062,7,3467,3520,0,
4063,7,3484,3537,0,
4064,7,3509,3562,0,
4065,7,3470,3523,0,
4066,7,3462,3515,0,
4067,7,3472,3525,0,
4068,7,3481,3534,0,
4069,7,3456,3509,0,
4070,7,3420,3473,0,
4071,7,3457,3510,0,
4072,7,3421,3474,0,
4073,7,3473,3526,0,
4074,7,3478,3531,0,
4075,7,3438,3491,0,
4076,7,3425,3478,0,
4077,7,3442,3495,0,
4078,7,3475,3528,0,
4079,7,3419,3472,0,
4080,7,3455,3508,0,
4081,7,3426,3479,0,
4082,7,3422,3475,0,
4083,7,3374,3427,0,
4084,7,3423,3476,0,
4085,7,3452,3505,0,
4086,7,3453,3506,0,
4087,7,3376,3429,0,
4088,7,3416,3469,0,
4089,7,3450,3503,0,
4090,7,3377,3430,0,
4091,7,3371,3424,0,
4092,7,3415,3468,0,
4093,7,3406,3459,0,
4094,7,3404,3457,0,
4095,7,3446,3499,0,
4096,7,3448,3501,0,
4097,7,3379,3432,0,
4098,7,3408,3461,0,
4099,7,3368,3421,0,
4100,7,3410,3463,0,
4101,7,3411,3464,0,
4102,7,3444,3497,0,
4103,7,3445,3498,0,
4104,7,3383,3436,0,
4105,7,3365,3418,0,
4106,7,3387,3440,0,
4107,7,3385,3438,0,
4108,7,3386,3439,0,
4109,7,3401,3454,0,
4110,7,3399,3452,0,
4111,7,3397,3450,0,
4112,7,3388,3441,0,
4113,7,3395,3448,0,
4114,7,3390,3443,0,
4115,7,3393,3446,0,
4116,7,3391,3444,0,
4117,8,3698,3751,0,42
4118,8,3699,3752,0,42
4119,8,3700,3753,0,42
4120,8,3701,3754,0,43
4121,8,3702,3755,0,43
4122,8,3703,3756,0,43
4123,8,3704,3757,0,43
4124,8,3705,3758,0,43
4125,8,3706,3759,0,43
4126,8,3707,3760,0,43
4127,8,3708,3761,0,43
4128,8,3709,3762,0,43
4129,8,3710,3763,0,43
4130,8,3711,3764,0,43
4131,8,3712,3765,0,44
4132,8,3713,3916,0,43
4133,8,3714,3917,0,43
4134,8,3715,3918,0,43
4135,8,3716,3919,0,43
4136,8,3717,3920,0,43
4137,8,3718,3921,0,43
4138,8,3719,3922,0,43
4139,8,3720,3923,0,43
4140,8,3721,3924,0,43
4141,8,3722,3925,0,43
4142,8,3723,3926,0,43
4143,8,3724,3927,0,42
4144,8,3725,3928,0,42
4145,8,3726,3929,0,42
4146,8,3727,3766,0,42
4147,8,3728,3767,0,42
4148,8,3729,3768,0,42
4149,8,3730,3769,0,43
4150,8,3731,3770,0,43
4151,8,3732,3771,0,43
4152,8,3733,3772,0,43
4153,8,3734,3773,0,43
4154,8,3735,3774,0,43
4155,8,3736,3775,0,43
4156,8,3737,3776,0,43
4157,8,3738,3777,0,43
4158,8,3739,3778,0,43
4159,8,3740,3779,0,43
4160,8,3741,3780,0,44
4161,8,3742,3930,0,43
4162,8,3743,3931,0,43
4163,8,3744,3932,0,43
4164,8,3745,3933,0,43
4165,8,3746,3934,0,43
4166,8,3747,3935,0,43
4167,8,3748,3936,0,43
4168,8,3749,3937,0,43
4169,8,3750,3938,0,43
4170,8,3751,3939,0,43
4171,8,3752,3940,0,43
4172,8,3753,3941,0,42
4173,8,3754,3942,0,42
4174,8,3755,3943,0,42
4175,8,3756,3781,0,42
4176,8,3757,3782,0,42
4177,8,3758,3783,0,42
4178,8,3759,3784,0,43
4179,8,3760,3785,0,43
4180,8,3761,3786,0,43
4181,8,3762,3787,0,43
4182,8,3763,3788,0,43
4183,8,3764,3789,0,43
4184,8,3765,3790,0,43
4185,8,3766,3791,0,43
4186,8,3767,3792,0,43
4187,8,3768,3793,0,43
4188,8,3769,3794,0,43
4189,8,3770,3795,0,44
4190,8,3771,3944,0,43
4191,8,3772,3945,0,43
4192,8,3773,3946,0,43
4193,8,3774,3947,0,43
4194,8,3775,3948,0,43
4195,8,3776,3949,0,43
4196,8,3777,3950,0,43
4197,8,3778,3951,0,43
4198,8,3779,3952,0,43
4199,8,3780,3953,0,43
4200,8,3781,3954,0,43
4201,8,3782,3955,0,42
4202,8,3783,3956,0,42
4203,8,3784,3957,0,42
4204,8,3785,3796,0,42
4205,8,3786,3797,0,42
4206,8,3787,3798,0,42
4207,8,3788,3799,0,43
4208,8,3789,3800,0,43
4209,8,3790,3801,0,43
4210,8,3791,3802,0,43
4211,8,3792,3803,0,43
4212,8,3793,3804,0,43
4213,8,3794,3805,0,43
4214,8,3795,3806,0,43
4215,8,3796,3807,0,43
4216,8,3797,3808,0,43
4217,8,3798,3809,0,43
4218,8,3799,3810,0,44
4219,8,3800,3958,0,43
4220,8,3801,3959,0,43
4221,8,3802,3960,0,43
4222,8,3803,3961,0,43
4223,8,3804,3962,0,43
4224,8,3805,3963,0,43
4225,8,3806,3964,0,43
4226,8,3807,3965,0,43
4227,8,3808,3966,0,43
4228,8,3809,3967,0,43
4229,8,3810,3968,0,43
4230,8,3811,3969,0,42
4231,8,3812,3970,0,42
4232,8,3813,3971,0,42
4233,8,3814,3811,0,42
4234,8,3815,3812,0,42
4235,8,3816,3813,0,42
4236,8,3817,3814,0,43
4237,8,3818,3815,0,43
4238,8,3819,3816,0,43
4239,8,3820,3817,0,43
4240,8,3821,3818,0,43
4241,8,3822,3819,0,43
4242,8,3823,3820,0,43
4243,8,3824,3821,0,43
4244,8,3825,3822,0,43
4245,8,3826,3823,0,43
4246,8,3827,3824,0,43
4247,8,3828,3825,0,44
4248,8,3829,3972,0,43
4249,8,3830,3973,0,43
4250,8,3831,3974,0,43
4251,8,3832,3975,0,43
4252,8,3833,3976,0,43
4253,8,3834,3977,0,43
4254,8,3835,3978,0,43
4255,8,3836,3979,0,43
4256,8,3837,3980,0,43
4257,8,3838,3981,0,43
4258,8,3839,3982,0,43
4259,8,3840,3983,0,42
4260,8,3841,3984,0,42
4261,8,3842,3985,0,42
4262,8,3843,3826,0,42
4263,8,3844,3827,0,42
4264,8,3845,3828,0,42
4265,8,3846,3829,0,43
4266,8,3847,3830,0,43
4267,8,3848,3831,0,43
4268,8,3849,3832,0,43
4269,8,3850,3833,0,43
4270,8,3851,3834,0,43
4271,8,3852,3835,0,43
4272,8,3853,3836,0,43
4273,8,3854,3837,0,43
4274,8,3855,3838,0,43
4275,8,3856,3839,0,43
4276,8,3857,3840,0,44
4277,8,3858,3986,0,43
4278,8,3859,3987,0,43
4279,8,3860,3988,0,43
4280,8,3861,3989,0,43
4281,8,3862,3990,0,43
4282,8,3863,3991,0,43
4283,8,3864,3992,0,43
4284,8,3865,3993,0,43
4285,8,3866,3994,0,43
4286,8,3867,3995,0,43
4287,8,3868,3996,0,43
4288,8,3869,3997,0,42
4289,8,3870,3998,0,42
4290,8,3871,3999,0,42
4291,8,3872,3841,0,42
4292,8,3873,3842,0,42
4293,8,3874,3843,0,42
4294,8,3875,3844,0,43
4295,8,3876,3845,0,43
4296,8,3877,3846,0,43
4297,8,3878,3847,0,43
4298,8,3879,3848,0,43
4299,8,3880,3849,0,43
4300,8,3881,3850,0,43
4301,8,3882,3851,0,43
4302,8,3883,3852,0,43
4303,8,3884,3853,0,43
4304,8,3885,3854,0,43
4305,8,3886,3855,0,44
4306,8,3887,4000,0,43
4307,8,3888,4001,0,43
4308,8,3889,4002,0,43
4309,8,3890,4003,0,43
4310,8,3891,4004,0,43
4311,8,3892,4005,0,43
4312,8,3893,4006,0,43
4313,8,3894,4007,0,43
4314,8,3895,4008,0,43
4315,8,3896,4009,0,43
4316,8,3897,4010,0,43
4317,8,3898,4011,0,42
4318,8,3899,4012,0,42
4319,8,3900,4013,0,42
4320,8,3901,3856,0,42
4321,8,3902,3857,0,42
4322,8,3903,3858,0,42
4323,8,3904,3859,0,43
4324,8,3905,3860,0,43
4325,8,3906,3861,0,43
4326,8,3907,3862,0,43
4327,8,3908,3863,0,43
4328,8,3909,3864,0,43
4329,8,3910,3865,0,43
4330,8,3911,3866,0,43
4331,8,3912,3867,0,43
4332,8,3913,3868,0,43
4333,8,3914,3869,0,43
4334,8,3915,3870,0,44
4335,8,3916,4014,0,43
4336,8,3917,4015,0,43
4337,8,3918,4016,0,43
4338,8,3919,4017,0,43
4339,8,3920,4018,0,43
4340,8,3921,4019,0,43
4341,8,3922,4020,0,43
4342,8,3923,4021,0,43
4343,8,3924,4022,0,43
4344,8,3925,4023,0,43
4345,8,3926,4024,0,43
4346,8,3927,4025,0,42
4347,8,3928,4026,0,42
4348,8,3929,4027,0,42
4349,8,3930,3871,0,42
4350,8,3931,3872,0,42
4351,8,3932,3873,0,42
4352,8,3933,3874,0,43
4353,8,3934,3875,0,43
4354,8,3935,3876,0,43
4355,8,3936,3877,0,43
4356,8,3937,3878,0,43
4357,8,3938,3879,0,43
4358,8,3939,3880,0,43
4359,8,3940,3881,0,43
4360,8,3941,3882,0,43
4361,8,3942,3883,0,43
4362,8,3943,3884,0,43
4363,8,3944,3885,0,44
4364,8,3945,4028,0,43
4365,8,3946,4029,0,43
4366,8,3947,4030,0,43
4367,8,3948,4031,0,43
4368,8,3949,4032,0,43
4369,8,3950,4033,0,43
4370,8,3951,4034,0,43
4371,8,3952,4035,0,43
4372,8,3953,4036,0,43
4373,8,3954,4037,0,43
4374,8,3955,4038,0,43
4375,8,3956,4039,0,42
4376,8,3957,4040,0,42
4377,8,3958,4041,0,42
4378,8,3959,3886,0,42
4379,8,3960,3887,0,42
4380,8,3961,3888,0,42
4381,8,3962,3889,0,43
4382,8,3963,3890,0,43
4383,8,3964,3891,0,43
4384,8,3965,3892,0,43
4385,8,3966,3893,0,43
4386,8,3967,3894,0,43
4387,8,3968,3895,0,43
4388,8,3969,3896,0,43
4389,8,3970,3897,0,43
4390,8,3971,3898,0,43
4391,8,3972,3899,0,43
4392,8,3973,3900,0,44
4393,8,3974,4042,0,43
4394,8,3975,4043,0,43
4395,8,3976,4044,0,43
4396,8,3977,4045,0,43
4397,8,3978,4046,0,43
4398,8,3979,4047,0,43
4399,8,3980,4048,0,43
4400,8,3981,4049,0,43
4401,8,3982,4050,0,43
4402,8,3983,4051,0,43
4403,8,3984,4052,0,43
4404,8,3985,4053,0,42
4405,8,3986,4054,0,42
4406,8,3987,4055,0,42
4407,8,3988,3901,0,42
4408,8,3989,3902,0,42
4409,8,3990,3903,0,42
4410,8,3991,3904,0,43
4411,8,3992,3905,0,43
4412,8,3993,3906,0,43
4413,8,3994,3907,0,43
4414,8,3995,3908,0,43
4415,8,3996,3909,0,43
4416,8,3997,3910,0,43
4417,8,3998,3911,0,43
4418,8,3999,3912,0,43
4419,8,4000,3913,0,43
4420,8,4001,3914,0,43
4421,8,4002,3915,0,44
4422,4,4003,4056,0,29
4423,4,4004,4057,0,29
4424,4,4005,4058,0,29
4425,4,4006,4059,0,29
4426,4,4007,4060,0,29
4427,4,4008,4061,0,29
4428,4,4009,4062,0,29
4429,4,4010,4063,0,29
4430,4,4011,4064,0,29
4431,4,4012,4065,0,29
4432,4,4013,4066,0,29
4433,4,4014,4067,0,29
4434,4,4015,4068,0,29
4435,4,4016,4069,0,29
4436,4,4017,4070,0,29
4437,4,4018,4071,0,29
4438,4,4019,4072,0,29
4439,4,4020,4073,0,29
4440,4,4021,4074,0,29
4441,4,4022,4075,0,29
4442,4,4023,4076,0,29
4443,4,4024,4077,0,29
4444,4,4025,4078,0,29
4445,4,4026,4079,0,29
4446,4,4027,4080,0,29
4447,4,4028,4081,0,29
4448,4,4029,4082,0,29
4449,4,4030,4083,0,29
4450,4,4031,4084,0,29
4451,4,4032,4085,0,29
4452,4,4033,4086,0,29
4453,4,4034,4087,0,29
4454,4,4035,4088,0,29
4455,4,4036,4089,0,29
4456,4,4037,4090,0,29
4457,4,4038,4091,0,29
4458,4,4039,4092,0,29
4459,4,4040,4093,0,29
4460,4,4041,4094,0,29
4461,4,4042,4095,0,29
4462,4,4043,4096,0,29
4463,4,4044,4097,0,29
4464,4,4045,4098,0,29
4465,4,4046,4099,0,29
4466,4,4047,4100,0,29
4467,4,4048,4101,0,29
4468,4,4049,4102,0,29
4469,4,4050,4103,0,29
4470,4,4051,4104,0,29
4471,4,4052,4105,0,29
4472,4,4053,4106,0,29
4473,4,4054,4107,0,29
4474,4,4055,4108,0,29
4475,4,4056,4109,0,29
4476,4,4057,4110,0,29
4477,4,4058,4111,0,29
4478,4,4059,4112,0,29
4479,4,4060,4113,0,29
4480,4,4061,4114,0,29
4481,4,4062,4115,0,29
4482,4,4063,4116,0,29
4483,4,4064,4117,0,29
4484,4,4065,4118,0,29
4485,4,4066,4119,0,29
4486,4,4067,4120,0,29
4487,8,4082,4121,0,44
4488,8,4083,4122,0,43
4489,8,4084,4123,0,43
4490,8,4085,4124,0,43
4491,8,4086,4125,0,43
4492,8,4087,4126,0,43
4493,8,4088,4127,0,43
4494,8,4089,4128,0,43
4495,8,4090,4129,0,43
4496,8,4091,4130,0,43
4497,8,4092,4131,0,43
4498,8,4093,4132,0,43
4499,8,4094,4133,0,42
4500,8,4095,4134,0,42
4501,8,4096,4135,0,42
4502,8,4125,4136,0,44
4503,8,4126,4137,0,43
4504,8,4127,4138,0,43
4505,8,4128,4139,0,43
4506,8,4129,4140,0,43
4507,8,4130,4141,0,43
4508,8,4131,4142,0,43
4509,8,4132,4143,0,43
4510,8,4133,4144,0,43
4511,8,4134,4145,0,43
4512,8,4135,4146,0,43
4513,8,4136,4147,0,43
4514,8,4137,4148,0,42
4515,8,4138,4149,0,42
4516,8,4139,4150,0,42
4517,8,4184,4151,0,45
4518,8,4185,4152,0,45
4519,8,4186,4153,0,45
4520,8,4190,4154,0,45
4521,8,4191,4155,0,45
4522,8,4192,4156,0,45
4523,8,4196,4157,0,45
4524,8,4197,4158,0,45
4525,8,4198,4159,0,45
4526,8,4202,4160,0,45
4527,8,4203,4161,0,45
4528,8,4204,4162,0,45
4529,8,4208,4163,0,45
4530,8,4209,4164,0,45
4531,8,4210,4165,0,45
4532,8,4214,4166,0,45
4533,8,4215,4167,0,45
4534,8,4216,4168,0,45
4535,8,4220,4169,0,45
4536,8,4221,4170,0,45
4537,8,4222,4171,0,45
4538,8,4226,4172,0,45
4539,8,4227,4173,0,45
4540,8,4228,4174,0,45
4541,8,4232,4175,0,45
4542,8,4233,4176,0,45
4543,8,4234,4177,0,45
4544,8,4238,4178,0,45
4545,8,4239,4179,0,45
4546,8,4240,4180,0,45
4547,8,4244,4181,0,45
4548,8,4245,4182,0,45
4549,8,4246,4183,0,45
4550,8,4250,4184,0,45
4551,8,4251,4185,0,45
4552,8,4252,4186,0,45
4553,8,4256,4187,0,45
4554,8,4257,4188,0,45
4555,8,4258,4189,0,45
4556,8,4068,4190,0,42
4557,8,4069,4191,0,42
4558,8,4070,4192,0,42
4559,8,4071,4193,0,43
4560,8,4072,4194,0,43
4561,8,4073,4195,0,43
4562,8,4074,4196,0,43
4563,8,4075,4197,0,43
4564,8,4076,4198,0,43
4565,8,4077,4199,0,43
4566,8,4078,4200,0,43
4567,8,4079,4201,0,43
4568,8,4080,4202,0,43
4569,8,4081,4203,0,43
4570,8,4097,4204,0,42
4571,8,4098,4205,0,42
4572,8,4099,4206,0,42
4573,8,4100,4207,0,43
4574,8,4101,4208,0,43
4575,8,4102,4209,0,43
4576,8,4103,4210,0,43
4577,8,4104,4211,0,43
4578,8,4105,4212,0,43
4579,8,4106,4213,0,43
4580,8,4107,4214,0,43
4581,8,4108,4215,0,43
4582,8,4109,4216,0,43
4583,8,4110,4217,0,43
4584,8,4111,4218,0,42
4585,8,4112,4219,0,42
4586,8,4113,4220,0,42
4587,8,4114,4221,0,43
4588,8,4115,4222,0,43
4589,8,4116,4223,0,43
4590,8,4117,4224,0,43
4591,8,4118,4225,0,43
4592,8,4119,4226,0,43
4593,8,4120,4227,0,43
4594,8,4121,4228,0,43
4595,8,4122,4229,0,43
4596,8,4123,4230,0,43
4597,8,4124,4231,0,43
4598,8,4140,4232,0,42
4599,8,4141,4233,0,42
4600,8,4142,4234,0,42
4601,8,4143,4235,0,43
4602,8,4144,4236,0,43
4603,8,4145,4237,0,43
4604,8,4146,4238,0,43
4605,8,4147,4239,0,43
4606,8,4148,4240,0,43
4607,8,4149,4241,0,43
4608,8,4150,4242,0,43
4609,8,4151,4243,0,43
4610,8,4152,4244,0,43
4611,8,4153,4245,0,43
4612,8,4181,4246,0,45
4613,8,4182,4247,0,45
4614,8,4183,4248,0,45
4615,8,4187,4249,0,45
4616,8,4188,4250,0,45
4617,8,4189,4251,0,45
4618,8,4193,4252,0,45
4619,8,4194,4253,0,45
4620,8,4195,4254,0,45
4621,8,4199,4255,0,45
4622,8,4200,4256,0,45
4623,8,4201,4257,0,45
4624,8,4205,4258,0,45
4625,8,4206,4259,0,45
4626,8,4207,4260,0,45
4627,8,4211,4261,0,45
4628,8,4212,4262,0,45
4629,8,4213,4263,0,45
4630,8,4217,4264,0,45
4631,8,4218,4265,0,45
4632,8,4219,4266,0,45
4633,8,4223,4267,0,45
4634,8,4224,4268,0,45
4635,8,4225,4269,0,45
4636,8,4229,4270,0,45
4637,8,4230,4271,0,45
4638,8,4231,4272,0,45
4639,8,4235,4273,0,45
4640,8,4236,4274,0,45
4641,8,4237,4275,0,45
4642,8,4241,4276,0,45
4643,8,4242,4277,0,45
4644,8,4243,4278,0,45
4645,8,4247,4279,0,45
4646,8,4248,4280,0,45
4647,8,4249,4281,0,45
4648,8,4253,4282,0,45
4649,8,4254,4283,0,45
4650,8,4255,4284,0,45
4651,8,4259,4285,0,45
4652,8,4260,4286,0,45
4653,8,4261,4287,0,45
4654,8,4155,4288,0,45
4655,8,4157,4289,0,45
4656,8,4159,4290,0,45
4657,8,4161,4291,0,45
4658,8,4163,4292,0,45
4659,8,4165,4293,0,45
4660,8,4167,4294,0,45
4661,8,4169,4295,0,45
4662,8,4171,4296,0,45
4663,8,4173,4297,0,45
4664,8,4175,4298,0,45
4665,8,4177,4299,0,45
4666,8,4179,4300,0,45
4667,8,4180,4301,0,45
4668,8,4156,4302,0,45
4669,8,4158,4303,0,45
4670,8,4160,4304,0,45
4671,8,4162,4305,0,45
4672,8,4164,4306,0,45
4673,8,4166,4307,0,45
4674,8,4168,4308,0,45
4675,8,4170,4309,0,45
4676,8,4172,4310,0,45
4677,8,4174,4311,0,45
4678,8,4176,4312,0,45
4679,8,4178,4313,0,45
4680,8,4154,4314,0,45
4681,1,4262,4315,0,15
4682,1,4263,4316,0,15
4683,1,4264,4317,0,15
4684,1,4265,4318,0,15
4685,1,4266,4319,0,12
4686,1,4267,4320,0,12
4687,1,4268,4321,0,12
4688,1,4269,4322,0,13
4689,1,4270,4323,0,13
4690,1,4271,4324,0,13
4691,1,4272,4325,0,13
4692,1,4273,4326,0,13
4693,1,4274,4327,0,13
4694,1,4275,4328,0,13
4695,1,4276,4329,0,13
4696,1,4277,4330,0,13
4697,1,4278,4331,0,13
4698,1,4279,4332,0,13
4699,1,4280,4333,0,14
4700,1,4281,4334,0,15
4701,1,4282,4335,0,15
4702,1,4283,4336,0,15
4703,1,4284,4337,0,15
4704,1,4285,4338,0,12
4705,1,4286,4339,0,12
4706,1,4287,4340,0,12
4707,1,4288,4341,0,13
4708,1,4289,4342,0,13
4709,1,4290,4343,0,13
4710,1,4291,4344,0,13
4711,1,4292,4345,0,13
4712,1,4293,4346,0,13
4713,1,4294,4347,0,13
4714,1,4295,4348,0,13
4715,1,4296,4349,0,13
4716,1,4297,4350,0,13
4717,1,4298,4351,0,13
4718,1,4299,4352,0,14
4719,1,4300,4353,0,15
4720,1,4301,4354,0,15
4721,1,4302,4355,0,15
4722,1,4303,4356,0,15
4723,1,4304,4357,0,12
4724,1,4305,4358,0,12
4725,1,4306,4359,0,12
4726,1,4307,4360,0,13
4727,1,4308,4361,0,13
4728,1,4309,4362,0,13
4729,1,4310,4363,0,13
4730,1,4311,4364,0,13
4731,1,4312,4365,0,13
4732,1,4313,4366,0,13
4733,1,4314,4367,0,13
4734,1,4315,4368,0,13
4735,1,4316,4369,0,13
4736,1,4317,4370,0,13
4737,1,4318,4371,0,14
4738,1,4319,4372,0,15
4739,1,4320,4373,0,15
4740,1,4321,4374,0,15
4741,1,4322,4375,0,15
4742,1,4323,4376,0,12
4743,1,4324,4377,0,12
4744,1,4325,4378,0,12
4745,1,4326,4379,0,13
4746,1,4327,4380,0,13
4747,1,4328,4381,0,13
4748,1,4329,4382,0,13
4749,1,4330,4383,0,13
4750,1,4331,4384,0,13
4751,1,4332,4385,0,13
4752,1,4333,4386,0,13
4753,1,4334,4387,0,13
4754,1,4335,4388,0,13
4755,1,4336,4389,0,13
4756,1,4337,4390,0,14
4757,1,4338,4391,0,15
4758,1,4339,4392,0,15
4759,1,4340,4393,0,15
4760,1,4341,4394,0,15
4761,1,4342,4395,0,12
4762,1,4343,4396,0,12
4763,1,4344,4397,0,12
4764,1,4345,4398,0,13
4765,1,4346,4399,0,13
4766,1,4347,4400,0,13
4767,1,4348,4401,0,13
4768,1,4349,4402,0,13
4769,1,4350,4403,0,13
4770,1,4351,4404,0,13
4771,1,4352,4405,0,13
4772,1,4353,4406,0,13
4773,1,4354,4407,0,13
4774,1,4355,4408,0,13
4775,1,4356,4409,0,14
4776,1,4357,4410,0,15
4777,1,4358,4411,0,15
4778,1,4359,4412,0,15
4779,1,4360,4413,0,15
4780,1,4361,4414,0,12
4781,1,4362,4415,0,12
4782,1,4363,4416,0,12
4783,1,4364,4417,0,13
4784,1,4365,4418,0,13
4785,1,4366,4419,0,13
4786,1,4367,4420,0,13
4787,1,4368,4421,0,13
4788,1,4369,4422,0,13
4789,1,4370,4423,0,13
4790,1,4371,4424,0,13
4791,1,4372,4425,0,13
4792,1,4373,4426,0,13
4793,1,4374,4427,0,13
4794,1,4375,4428,0,14
4795,1,4376,4429,0,15
4796,1,4377,4430,0,15
4797,1,4378,4431,0,15
4798,1,4379,4432,0,15
4799,1,4380,4433,0,15
4800,1,4381,4434,0,15
4801,1,4382,4435,0,15
4802,1,4383,4436,0,15
4803,1,4384,4437,0,15
4804,1,4385,4438,0,15
4805,1,4386,4439,0,15
4806,1,4387,4440,0,15
4807,1,4388,4441,0,15
4808,1,4389,4442,0,15
4809,1,4390,4443,0,15
4810,1,4391,4444,0,15
4811,1,4392,4445,0,15
4812,1,4393,4446,0,15
4813,1,4394,4447,0,15
4814,1,4395,4448,0,15
4815,1,4396,4449,0,15
4816,1,4397,4450,0,15
4817,1,4398,4451,0,15
4818,1,4399,4452,0,15
4819,1,4400,4453,0,15
4820,1,4401,4454,0,15
4821,1,4402,4455,0,15
4822,1,4403,4456,0,15
4823,1,4404,4457,0,15
4824,1,4405,4458,0,15
4825,1,4406,4459,0,15
4826,1,4407,4460,0,15
4827,1,4408,4461,0,15
4828,1,4409,4462,0,15
4829,1,4410,4463,0,15
4830,1,4411,4464,0,15
4831,1,4412,4465,0,15
4832,1,4413,4466,0,15
4833,1,4414,4467,0,15
4834,1,4415,4468,0,15
4835,1,4416,4469,0,15
4836,1,4417,4470,0,15
4837,1,4418,4471,0,15
4838,1,4419,4472,0,15
4839,1,4420,4473,0,15
4840,1,4421,4474,0,15
4841,1,4422,4475,0,15
4842,1,4423,4476,0,15
4843,1,4424,4477,0,15
4844,1,4425,4478,0,15
4845,1,4426,4479,0,15
